,Species,Mass,mz_plus_1,mz_plus_2,mz_plus_3,mz_minus_1,mz_minus_2,mz_plus_Na
0,A,89.047678,90.054954,45.531115,30.68983533,88.040402,43.516563,112.0374473
1,AE,218.0902713,219.0975473,110.0524117,73.7040331,217.0829953,108.0378597,241.0800406
2,AEO,332.1695846,333.1768606,167.0920683,111.7304709,331.1623086,165.0775163,355.1593539
3,AEOA,403.2066979,404.2139739,202.610625,135.4095086,402.1994219,200.596073,426.1964672
4,AEOAA,474.2438112,475.2510872,238.1291816,159.0885464,473.2365352,236.1146296,497.2335805
5,JA,364.1481803,365.1554563,183.0813662,122.3900028,363.1409043,181.0668142,387.1379496
6,UA,346.1376153,347.1448913,174.0760837,116.3864811,345.1303393,172.0615317,369.1273846
7,XA,567.2275526,568.2348286,284.6210523,190.0831269,566.2202766,282.6065003,590.2173219
8,ZA,549.2169876,550.2242636,275.6157698,184.0796052,548.2097116,273.6012178,572.2067569
9,JAE,493.1907736,494.1980496,247.6026628,165.4042005,492.1834976,245.5881108,516.1805429
10,UAE,475.1802086,476.1874846,238.5973803,159.4006789,474.1729326,236.5828283,498.1699779
11,XAE,696.2701459,697.2774219,349.142349,233.0973246,695.2628699,347.127797,719.2599152
12,ZAE,678.2595809,679.2668569,340.1370665,227.093803,677.2523049,338.1225145,701.2493502
13,JAEO,607.2700869,608.2773629,304.6423195,203.4306383,606.2628109,302.6277675,630.2598562
14,UAEO,589.2595219,590.2667979,295.637037,197.4271166,588.2522459,293.622485,612.2492912
15,XAEO,810.3494592,811.3567352,406.1820056,271.1237624,809.3421832,404.1674536,833.3392285
16,ZAEO,792.3388942,793.3461702,397.1767231,265.1202407,791.3316182,395.1621711,815.3286635
17,JAEOA,678.3072002,679.3144762,340.1608761,227.1096761,677.2999242,338.1463241,701.2969695
18,UAEOA,660.2966352,661.3039112,331.1555936,221.1061544,659.2893592,329.1410416,683.2864045
19,XAEOA,881.3865725,882.3938485,441.7005623,294.8028002,880.3792965,439.6860103,904.3763418
20,ZAEOA,863.3760075,864.3832835,432.6952798,288.7992785,862.3687315,430.6807278,886.3657768
21,JAEOAA,749.3443135,750.3515895,375.6794328,250.7887138,748.3370375,373.6648808,772.3340828
22,UAEOAA,731.3337485,732.3410245,366.6741503,244.7851922,730.3264725,364.6595983,754.3235178
23,XAEOAA,952.4236858,953.4309618,477.2191189,318.4818379,951.4164098,475.2045669,975.4134551
24,ZAEOAA,934.4131208,935.4203968,468.2138364,312.4783163,933.4058448,466.1992844,957.4028901
25,J,293.111067,294.118343,147.5628095,98.710965,292.103791,145.5482575,316.1008363
26,U,275.100502,276.107778,138.557527,92.70744333,274.093226,136.542975,298.0902713
27,X,496.1904393,497.1977153,249.1024956,166.4040891,495.1831633,247.0879437,519.1802086
28,Z,478.1798743,479.1871503,240.0972132,160.4005674,477.1725983,238.0826612,501.1696436
29,AEOG,389.1910479,390.1983239,195.6028,130.7376253,388.1837719,193.588248,412.1808172
30,AEOAG,460.2281612,461.2354372,231.1213566,154.4166631,459.2208852,229.1068046,483.2179305
31,AEOAAG,531.2652745,532.2725505,266.6399132,178.0957008,530.2579985,264.6253612,554.2550438
32,JAEOG,664.2915502,665.2988262,333.1530511,222.4377927,663.2842742,331.1384991,687.2813195
33,UAEOG,646.2809852,647.2882612,324.1477686,216.4342711,645.2737092,322.1332166,669.2707545
34,XAEOG,867.3709225,868.3781985,434.6927373,290.1309168,866.3636465,432.6781853,890.3606918
35,ZAEOG,849.3603575,850.3676335,425.6874548,284.1273952,848.3530815,423.6729028,872.3501268
36,JAEOAG,735.3286635,736.3359395,368.6716077,246.1168305,734.3213875,366.6570558,758.3184328
37,UAEOAG,717.3180985,718.3253745,359.6663253,240.1133088,716.3108225,357.6517733,740.3078678
38,XAEOAG,938.4080358,939.4153118,470.2112939,313.8099546,937.4007598,468.1967419,961.3978051
39,ZAEOAG,920.3974708,921.4047468,461.2060114,307.8064329,919.3901948,459.1914594,943.3872401
40,JAEOAAG,806.3657768,807.3730528,404.1901644,269.7958683,805.3585008,402.1756124,829.3555461
41,UAEOAAG,788.3552118,789.3624878,395.1848819,263.7923466,787.3479358,393.1703299,811.3449811
42,XAEOAAG,1009.445149,1010.452425,505.7298506,337.4889924,1008.437873,503.7152986,1032.434918
43,ZAEOAAG,991.4345841,992.4418601,496.7245681,331.4854707,990.4273081,494.7100161,1014.424353
44,HXA,770.3069179,771.3141939,386.160735,257.7762486,769.2996419,384.146183,793.2966872
45,HZA,752.2963529,753.3036289,377.1554525,251.772727,751.2890769,375.1409005,775.2861222
46,HXAE,899.3495112,900.3567872,450.6820316,300.7904464,898.3422352,448.6674796,922.3392805
47,HZAE,881.3389462,882.3462222,441.6767491,294.7869247,880.3316702,439.6621971,904.3287155
48,HXAEO,1013.428824,1014.436101,507.7216882,338.8168842,1012.421548,505.7071362,1036.418594
49,HZAEO,995.4182595,996.4255355,498.7164058,332.8133625,994.4109835,496.7018538,1018.408029
50,HXAEOA,1084.465938,1085.473214,543.2402449,362.4959219,1083.458662,541.2256929,1107.455707
51,HZAEOA,1066.455373,1067.462649,534.2349624,356.4924003,1065.448097,532.2204104,1089.445142
52,HXAEOAA,1155.503051,1156.510327,578.7588015,386.1749597,1154.495775,576.7442495,1178.49282
53,HZAEOAA,1137.492486,1138.499762,569.7535191,380.171438,1136.48521,567.738967,1160.482255
54,HX,699.2698046,700.2770806,350.6421783,234.0972109,698.2625286,348.6276263,722.2595739
55,HZ,681.2592396,682.2665156,341.6368958,228.0936892,680.2519636,339.6223438,704.2490089
56,HXAEOG,1070.450288,1071.457564,536.2324199,357.8240386,1069.443012,534.2178679,1093.440057
57,HZAEOG,1052.439723,1053.446999,527.2271374,351.8205169,1051.432447,525.2125854,1075.429492
58,HXAEOAG,1141.487401,1142.494677,571.7509766,381.5030764,1140.480125,569.7364245,1164.47717
59,HZAEOAG,1123.476836,1124.484112,562.7456941,375.4995547,1122.46956,560.7311421,1146.466605
60,HXAEOAAG,1212.524514,1213.53179,607.2695332,405.1821141,1211.517238,605.2549812,1235.514284
61,HZAEOAAG,1194.513949,1195.521225,598.2642507,399.1785925,1193.506673,596.2496987,1217.503719
62,AEOG-AEO,703.3500678,704.3573438,352.6823099,235.4572986,702.3427918,350.6677579,726.3398371
63,AEOAG-AEO,774.3871811,775.3944571,388.2008666,259.1363364,773.3799051,386.1863146,797.3769504
64,AEOAAG-AEO,845.4242944,846.4315704,423.7194232,282.8153741,844.4170184,421.7048712,868.4140637
65,JAEOG-AEO,978.4505701,979.4578461,490.2325611,327.157466,977.4432941,488.2180091,1001.440339
66,UAEOG-AEO,960.4400051,961.4472811,481.2272786,321.1539444,959.4327291,479.2127266,983.4297744
67,XAEOG-AEO,1181.529942,1182.537218,591.7722472,394.8505901,1180.522666,589.7576952,1204.519712
68,ZAEOG-AEO,1163.519377,1164.526653,582.7669647,388.8470685,1162.512101,580.7524127,1186.509147
69,JAEOAG-AEO,1049.487683,1050.494959,525.7511177,350.8365038,1048.480407,523.7365657,1072.477453
70,UAEOAG-AEO,1031.477118,1032.484394,516.7458352,344.8329821,1030.469842,514.7312832,1054.466888
71,XAEOAG-AEO,1252.567056,1253.574332,627.2908039,418.5296279,1251.55978,625.2762518,1275.556825
72,ZAEOAG-AEO,1234.556491,1235.563767,618.2855214,412.5261062,1233.549215,616.2709693,1257.54626
73,JAEOAAG-AEO,1120.524797,1121.532073,561.2696744,374.5155416,1119.517521,559.2551224,1143.514566
74,UAEOAAG-AEO,1102.514232,1103.521508,552.2643919,368.5120199,1101.506956,550.2498399,1125.504001
75,XAEOAAG-AEO,1323.604169,1324.611445,662.8093605,442.2086657,1322.596893,660.7948085,1346.593938
76,ZAEOAAG-AEO,1305.593604,1306.60088,653.804078,436.205144,1304.586328,651.789526,1328.583373
77,HXAEOG-AEO,1384.609308,1385.616584,693.3119299,462.5437119,1383.602032,691.2973778,1407.599077
78,HZAEOG-AEO,1366.598743,1367.606019,684.3066474,456.5401902,1365.591467,682.2920954,1389.588512
79,HXAEOAG-AEO,1455.646421,1456.653697,728.8304865,486.2227497,1454.639145,726.8159345,1478.63619
80,HZAEOAG-AEO,1437.635856,1438.643132,719.825204,480.219228,1436.62858,717.810652,1460.625625
81,HXAEOAAG-AEO,1526.683534,1527.69081,764.3490431,509.9017874,1525.676258,762.3344911,1549.673304
82,HZAEOAAG-AEO,1508.672969,1509.680245,755.3437606,503.8982658,1507.665693,753.3292086,1531.662739
83,AEOG-AEOA,774.3871811,775.3944571,388.2008666,259.1363364,773.3799051,386.1863146,797.3769504
84,AEOAG-AEOA,845.4242944,846.4315704,423.7194232,282.8153741,844.4170184,421.7048712,868.4140637
85,AEOAAG-AEOA,916.4614077,917.4686837,459.2379798,306.4944119,915.4541317,457.2234278,939.451177
86,JAEOG-AEOA,1049.487683,1050.494959,525.7511177,350.8365038,1048.480407,523.7365657,1072.477453
87,UAEOG-AEOA,1031.477118,1032.484394,516.7458352,344.8329821,1030.469842,514.7312832,1054.466888
88,XAEOG-AEOA,1252.567056,1253.574332,627.2908039,418.5296279,1251.55978,625.2762518,1275.556825
89,ZAEOG-AEOA,1234.556491,1235.563767,618.2855214,412.5261062,1233.549215,616.2709693,1257.54626
90,JAEOAG-AEOA,1120.524797,1121.532073,561.2696744,374.5155416,1119.517521,559.2551223,1143.514566
91,UAEOAG-AEOA,1102.514232,1103.521508,552.2643919,368.5120199,1101.506956,550.2498399,1125.504001
92,XAEOAG-AEOA,1323.604169,1324.611445,662.8093605,442.2086657,1322.596893,660.7948085,1346.593938
93,ZAEOAG-AEOA,1305.593604,1306.60088,653.804078,436.205144,1304.586328,651.789526,1328.583373
94,JAEOAAG-AEOA,1191.56191,1192.569186,596.788231,398.1945793,1190.554634,594.773679,1214.551679
95,UAEOAAG-AEOA,1173.551345,1174.558621,587.7829485,392.1910577,1172.544069,585.7683965,1196.541114
96,XAEOAAG-AEOA,1394.641282,1395.648558,698.3279172,465.8877034,1393.634006,696.3133651,1417.631052
97,ZAEOAAG-AEOA,1376.630717,1377.637993,689.3226346,459.8841818,1375.623441,687.3080826,1399.620487
98,HXAEOG-AEOA,1455.646421,1456.653697,728.8304865,486.2227497,1454.639145,726.8159345,1478.63619
99,HZAEOG-AEOA,1437.635856,1438.643132,719.825204,480.219228,1436.62858,717.810652,1460.625625
100,HXAEOAG-AEOA,1526.683534,1527.69081,764.3490431,509.9017874,1525.676258,762.3344911,1549.673304
101,HZAEOAG-AEOA,1508.672969,1509.680245,755.3437606,503.8982658,1507.665693,753.3292086,1531.662739
102,HXAEOAAG-AEOA,1597.720648,1598.727924,799.8675998,533.5808252,1596.713372,797.8530478,1620.710417
103,HZAEOAAG-AEOA,1579.710083,1580.717359,790.8623173,527.5773035,1578.702807,788.8477653,1602.699852
104,AEOG-AEOAA,845.4242944,846.4315704,423.7194232,282.8153741,844.4170184,421.7048712,868.4140637
105,AEOAG-AEOAA,916.4614077,917.4686837,459.2379799,306.4944119,915.4541317,457.2234279,939.451177
106,AEOAAG-AEOAA,987.498521,988.505797,494.7565365,330.1734497,986.491245,492.7419845,1010.48829
107,JAEOG-AEOAA,1120.524797,1121.532073,561.2696744,374.5155416,1119.517521,559.2551223,1143.514566
108,UAEOG-AEOAA,1102.514232,1103.521508,552.2643918,368.5120199,1101.506956,550.2498398,1125.504001
109,XAEOG-AEOAA,1323.604169,1324.611445,662.8093605,442.2086657,1322.596893,660.7948085,1346.593938
110,ZAEOG-AEOAA,1305.593604,1306.60088,653.804078,436.205144,1304.586328,651.789526,1328.583373
111,JAEOAG-AEOAA,1191.56191,1192.569186,596.788231,398.1945793,1190.554634,594.773679,1214.551679
112,UAEOAG-AEOAA,1173.551345,1174.558621,587.7829485,392.1910577,1172.544069,585.7683965,1196.541114
113,XAEOAG-AEOAA,1394.641282,1395.648558,698.3279171,465.8877034,1393.634006,696.3133651,1417.631052
114,ZAEOAG-AEOAA,1376.630717,1377.637993,689.3226346,459.8841818,1375.623441,687.3080826,1399.620487
115,JAEOAAG-AEOAA,1262.599023,1263.606299,632.3067876,421.8736171,1261.591747,630.2922356,1285.588793
116,UAEOAAG-AEOAA,1244.588458,1245.595734,623.3015051,415.8700954,1243.581182,621.2869531,1267.578228
117,XAEOAAG-AEOAA,1465.678396,1466.685672,733.8464738,489.5667412,1464.67112,731.8319218,1488.668165
118,ZAEOAAG-AEOAA,1447.667831,1448.675107,724.8411913,483.5632195,1446.660555,722.8266393,1470.6576
119,HXAEOG-AEOAA,1526.683534,1527.69081,764.3490431,509.9017874,1525.676258,762.3344911,1549.673304
120,HZAEOG-AEOAA,1508.672969,1509.680245,755.3437606,503.8982658,1507.665693,753.3292086,1531.662739
121,HXAEOAG-AEOAA,1597.720648,1598.727924,799.8675998,533.5808252,1596.713372,797.8530478,1620.710417
122,HZAEOAG-AEOAA,1579.710083,1580.717359,790.8623173,527.5773035,1578.702807,788.8477653,1602.699852
123,HXAEOAAG-AEOAA,1668.757761,1669.765037,835.3861564,557.259863,1667.750485,833.3716044,1691.74753
124,HZAEOAAG-AEOAA,1650.747196,1651.754472,826.3808739,551.2563413,1649.73992,824.3663219,1673.736965
125,AEOG-JAEO,978.4505701,979.4578461,490.2325611,327.157466,977.4432941,488.2180091,1001.440339
126,AEOAG-JAEO,1049.487683,1050.494959,525.7511177,350.8365038,1048.480407,523.7365657,1072.477453
127,AEOAAG-JAEO,1120.524797,1121.532073,561.2696744,374.5155416,1119.517521,559.2551224,1143.514566
128,JAEOG-JAEO,1253.551072,1254.558348,627.7828122,418.8576335,1252.543796,625.7682602,1276.540842
129,UAEOG-JAEO,1235.540507,1236.547783,618.7775297,412.8541118,1234.533231,616.7629777,1258.530277
130,XAEOG-JAEO,1456.630445,1457.637721,729.3224983,486.5507576,1455.623169,727.3079463,1479.620214
131,ZAEOG-JAEO,1438.61988,1439.627156,720.3172158,480.5472359,1437.612604,718.3026638,1461.609649
132,JAEOAG-JAEO,1324.588186,1325.595462,663.3013688,442.5366712,1323.58091,661.2868168,1347.577955
133,UAEOAG-JAEO,1306.577621,1307.584897,654.2960864,436.5331496,1305.570345,652.2815343,1329.56739
134,XAEOAG-JAEO,1527.667558,1528.674834,764.841055,510.2297953,1526.660282,762.826503,1550.657327
135,ZAEOAG-JAEO,1509.656993,1510.664269,755.8357725,504.2262737,1508.649717,753.8212205,1532.646762
136,JAEOAAG-JAEO,1395.625299,1396.632575,698.8199255,466.215709,1394.618023,696.8053735,1418.615068
137,UAEOAAG-JAEO,1377.614734,1378.62201,689.814643,460.2121873,1376.607458,687.800091,1400.604503
138,XAEOAAG-JAEO,1598.704671,1599.711947,800.3596117,533.9088331,1597.697395,798.3450596,1621.694441
139,ZAEOAAG-JAEO,1580.694106,1581.701382,791.3543292,527.9053114,1579.68683,789.3397771,1603.683876
140,HXAEOG-JAEO,1659.70981,1660.717086,830.862181,554.2438793,1658.702534,828.847629,1682.699579
141,HZAEOG-JAEO,1641.699245,1642.706521,821.8568985,548.2403577,1640.691969,819.8423465,1664.689014
142,HXAEOAG-JAEO,1730.746923,1731.754199,866.3807376,577.9229171,1729.739647,864.3661856,1753.736693
143,HZAEOAG-JAEO,1712.736358,1713.743634,857.3754552,571.9193954,1711.729082,855.3609031,1735.726128
144,HXAEOAAG-JAEO,1801.784037,1802.791313,901.8992943,601.6019549,1800.776761,899.8847423,1824.773806
145,HZAEOAAG-JAEO,1783.773472,1784.780748,892.8940118,595.5984332,1782.766196,890.8794598,1806.763241
146,AEOG-UAEO,960.4400051,961.4472811,481.2272786,321.1539444,959.4327291,479.2127266,983.4297744
147,AEOAG-UAEO,1031.477118,1032.484394,516.7458352,344.8329821,1030.469842,514.7312832,1054.466888
148,AEOAAG-UAEO,1102.514232,1103.521508,552.2643919,368.5120199,1101.506956,550.2498399,1125.504001
149,JAEOG-UAEO,1235.540507,1236.547783,618.7775297,412.8541118,1234.533231,616.7629777,1258.530277
150,UAEOG-UAEO,1217.529942,1218.537218,609.7722472,406.8505901,1216.522666,607.7576952,1240.519712
151,XAEOG-UAEO,1438.61988,1439.627156,720.3172159,480.5472359,1437.612604,718.3026638,1461.609649
152,ZAEOG-UAEO,1420.609315,1421.616591,711.3119334,474.5437142,1419.602039,709.2973813,1443.599084
153,JAEOAG-UAEO,1306.577621,1307.584897,654.2960863,436.5331496,1305.570345,652.2815343,1329.56739
154,UAEOAG-UAEO,1288.567056,1289.574332,645.2908039,430.5296279,1287.55978,643.2762518,1311.556825
155,XAEOAG-UAEO,1509.656993,1510.664269,755.8357725,504.2262737,1508.649717,753.8212205,1532.646762
156,ZAEOAG-UAEO,1491.646428,1492.653704,746.83049,498.222752,1490.639152,744.815938,1514.636197
157,JAEOAAG-UAEO,1377.614734,1378.62201,689.814643,460.2121873,1376.607458,687.800091,1400.604503
158,UAEOAAG-UAEO,1359.604169,1360.611445,680.8093605,454.2086657,1358.596893,678.7948085,1382.593938
159,XAEOAAG-UAEO,1580.694106,1581.701382,791.3543292,527.9053114,1579.68683,789.3397771,1603.683876
160,ZAEOAAG-UAEO,1562.683541,1563.690817,782.3490467,521.9017898,1561.676265,780.3344946,1585.673311
161,HXAEOG-UAEO,1641.699245,1642.706521,821.8568985,548.2403577,1640.691969,819.8423465,1664.689014
162,HZAEOG-UAEO,1623.68868,1624.695956,812.851616,542.236836,1622.681404,810.837064,1646.678449
163,HXAEOAG-UAEO,1712.736358,1713.743634,857.3754551,571.9193954,1711.729082,855.3609031,1735.726128
164,HZAEOAG-UAEO,1694.725793,1695.733069,848.3701727,565.9158738,1693.718517,846.3556206,1717.715563
165,HXAEOAAG-UAEO,1783.773472,1784.780748,892.8940118,595.5984332,1782.766196,890.8794598,1806.763241
166,HZAEOAAG-UAEO,1765.762907,1766.770183,883.8887293,589.5949115,1764.755631,881.8741773,1788.752676
167,AEOG-XAEO,1181.529942,1182.537218,591.7722472,394.8505901,1180.522666,589.7576952,1204.519712
168,AEOAG-XAEO,1252.567056,1253.574332,627.2908039,418.5296279,1251.55978,625.2762518,1275.556825
169,AEOAAG-XAEO,1323.604169,1324.611445,662.8093605,442.2086657,1322.596893,660.7948085,1346.593938
170,JAEOG-XAEO,1456.630445,1457.637721,729.3224983,486.5507576,1455.623169,727.3079463,1479.620214
171,UAEOG-XAEO,1438.61988,1439.627156,720.3172159,480.5472359,1437.612604,718.3026638,1461.609649
172,XAEOG-XAEO,1659.709817,1660.717093,830.8621845,554.2438817,1658.702541,828.8476325,1682.699586
173,ZAEOG-XAEO,1641.699252,1642.706528,821.856902,548.24036,1640.691976,819.84235,1664.689021
174,JAEOAG-XAEO,1527.667558,1528.674834,764.841055,510.2297953,1526.660282,762.826503,1550.657327
175,UAEOAG-XAEO,1509.656993,1510.664269,755.8357725,504.2262737,1508.649717,753.8212205,1532.646762
176,XAEOAG-XAEO,1730.74693,1731.754206,866.3807412,577.9229194,1729.739654,864.3661891,1753.7367
177,ZAEOAG-XAEO,1712.736365,1713.743641,857.3754586,571.9193978,1711.729089,855.3609066,1735.726135
178,JAEOAAG-XAEO,1598.704671,1599.711947,800.3596116,533.9088331,1597.697395,798.3450596,1621.694441
179,UAEOAAG-XAEO,1580.694106,1581.701382,791.3543291,527.9053114,1579.68683,789.3397771,1603.683876
180,XAEOAAG-XAEO,1801.784044,1802.79132,901.8992978,601.6019572,1800.776768,899.8847458,1824.773813
181,ZAEOAAG-XAEO,1783.773479,1784.780755,892.8940153,595.5984355,1782.766203,890.8794633,1806.763248
182,HXAEOG-XAEO,1862.789182,1863.796458,932.4018671,621.9370034,1861.781906,930.3873151,1885.778952
183,HZAEOG-XAEO,1844.778617,1845.785893,923.3965847,615.9334818,1843.771341,921.3820326,1867.768387
184,HXAEOAG-XAEO,1933.826296,1934.833572,967.9204238,645.6160412,1932.81902,965.9058718,1956.816065
185,HZAEOAG-XAEO,1915.815731,1916.823007,958.9151413,639.6125195,1914.808455,956.9005893,1938.8055
186,HXAEOAAG-XAEO,2004.863409,2005.870685,1003.43898,669.295079,2003.856133,1001.424428,2027.853178
187,HZAEOAAG-XAEO,1986.852844,1987.86012,994.4336979,663.2915573,1985.845568,992.4191459,2009.842613
188,AEOG-ZAEO,1163.519377,1164.526653,582.7669647,388.8470685,1162.512101,580.7524127,1186.509147
189,AEOAG-ZAEO,1234.556491,1235.563767,618.2855214,412.5261062,1233.549215,616.2709693,1257.54626
190,AEOAAG-ZAEO,1305.593604,1306.60088,653.804078,436.205144,1304.586328,651.789526,1328.583373
191,JAEOG-ZAEO,1438.61988,1439.627156,720.3172158,480.5472359,1437.612604,718.3026638,1461.609649
192,UAEOG-ZAEO,1420.609315,1421.616591,711.3119334,474.5437142,1419.602039,709.2973813,1443.599084
193,XAEOG-ZAEO,1641.699252,1642.706528,821.856902,548.24036,1640.691976,819.84235,1664.689021
194,ZAEOG-ZAEO,1623.688687,1624.695963,812.8516195,542.2368383,1622.681411,810.8370675,1646.678456
195,JAEOAG-ZAEO,1509.656993,1510.664269,755.8357725,504.2262737,1508.649717,753.8212205,1532.646762
196,UAEOAG-ZAEO,1491.646428,1492.653704,746.83049,498.222752,1490.639152,744.815938,1514.636197
197,XAEOAG-ZAEO,1712.736365,1713.743641,857.3754586,571.9193978,1711.729089,855.3609066,1735.726135
198,ZAEOAG-ZAEO,1694.7258,1695.733076,848.3701761,565.9158761,1693.718524,846.3556241,1717.71557
199,JAEOAAG-ZAEO,1580.694106,1581.701382,791.3543291,527.9053114,1579.68683,789.3397771,1603.683876
200,UAEOAAG-ZAEO,1562.683541,1563.690817,782.3490467,521.9017898,1561.676265,780.3344946,1585.673311
201,XAEOAAG-ZAEO,1783.773479,1784.780755,892.8940153,595.5984355,1782.766203,890.8794633,1806.763248
202,ZAEOAAG-ZAEO,1765.762914,1766.77019,883.8887328,589.5949139,1764.755638,881.8741808,1788.752683
203,HXAEOG-ZAEO,1844.778617,1845.785893,923.3965846,615.9334818,1843.771341,921.3820326,1867.768387
204,HZAEOG-ZAEO,1826.768052,1827.775328,914.3913022,609.9299601,1825.760776,912.3767501,1849.757822
205,HXAEOAG-ZAEO,1915.815731,1916.823007,958.9151413,639.6125195,1914.808455,956.9005893,1938.8055
206,HZAEOAG-ZAEO,1897.805166,1898.812442,949.9098588,633.6089979,1896.79789,947.8953068,1920.794935
207,HXAEOAAG-ZAEO,1986.852844,1987.86012,994.4336979,663.2915573,1985.845568,992.4191459,2009.842613
208,HZAEOAAG-ZAEO,1968.842279,1969.849555,985.4284155,657.2880356,1967.835003,983.4138635,1991.832048
209,AEOG-JAEOA,1049.487683,1050.494959,525.7511177,350.8365038,1048.480407,523.7365657,1072.477453
210,AEOAG-JAEOA,1120.524797,1121.532073,561.2696744,374.5155416,1119.517521,559.2551224,1143.514566
211,AEOAAG-JAEOA,1191.56191,1192.569186,596.788231,398.1945793,1190.554634,594.773679,1214.551679
212,JAEOG-JAEOA,1324.588186,1325.595462,663.3013688,442.5366712,1323.58091,661.2868168,1347.577955
213,UAEOG-JAEOA,1306.577621,1307.584897,654.2960863,436.5331496,1305.570345,652.2815343,1329.56739
214,XAEOG-JAEOA,1527.667558,1528.674834,764.841055,510.2297953,1526.660282,762.826503,1550.657327
215,ZAEOG-JAEOA,1509.656993,1510.664269,755.8357725,504.2262737,1508.649717,753.8212205,1532.646762
216,JAEOAG-JAEOA,1395.625299,1396.632575,698.8199255,466.215709,1394.618023,696.8053735,1418.615068
217,UAEOAG-JAEOA,1377.614734,1378.62201,689.814643,460.2121873,1376.607458,687.800091,1400.604503
218,XAEOAG-JAEOA,1598.704671,1599.711947,800.3596116,533.9088331,1597.697395,798.3450596,1621.694441
219,ZAEOAG-JAEOA,1580.694106,1581.701382,791.3543291,527.9053114,1579.68683,789.3397771,1603.683876
220,JAEOAAG-JAEOA,1466.662412,1467.669688,734.3384821,489.8947468,1465.655136,732.3239301,1489.652182
221,UAEOAAG-JAEOA,1448.651847,1449.659123,725.3331996,483.8912251,1447.644571,723.3186476,1471.641617
222,XAEOAAG-JAEOA,1669.741785,1670.749061,835.8781683,557.5878709,1668.734509,833.8636163,1692.731554
223,ZAEOAAG-JAEOA,1651.73122,1652.738496,826.8728858,551.5843492,1650.723944,824.8583338,1674.720989
224,HXAEOG-JAEOA,1730.746923,1731.754199,866.3807376,577.9229171,1729.739647,864.3661856,1753.736693
225,HZAEOG-JAEOA,1712.736358,1713.743634,857.3754552,571.9193954,1711.729082,855.3609031,1735.726128
226,HXAEOAG-JAEOA,1801.784037,1802.791313,901.8992943,601.6019549,1800.776761,899.8847423,1824.773806
227,HZAEOAG-JAEOA,1783.773472,1784.780748,892.8940118,595.5984332,1782.766196,890.8794598,1806.763241
228,HXAEOAAG-JAEOA,1872.82115,1873.828426,937.417851,625.2809926,1871.813874,935.4032989,1895.810919
229,HZAEOAAG-JAEOA,1854.810585,1855.817861,928.4125685,619.277471,1853.803309,926.3980164,1877.800354
230,AEOG-UAEOA,1031.477118,1032.484394,516.7458352,344.8329821,1030.469842,514.7312832,1054.466888
231,AEOAG-UAEOA,1102.514232,1103.521508,552.2643919,368.5120199,1101.506956,550.2498399,1125.504001
232,AEOAAG-UAEOA,1173.551345,1174.558621,587.7829485,392.1910577,1172.544069,585.7683965,1196.541114
233,JAEOG-UAEOA,1306.577621,1307.584897,654.2960863,436.5331496,1305.570345,652.2815343,1329.56739
234,UAEOG-UAEOA,1288.567056,1289.574332,645.2908039,430.5296279,1287.55978,643.2762518,1311.556825
235,XAEOG-UAEOA,1509.656993,1510.664269,755.8357725,504.2262737,1508.649717,753.8212205,1532.646762
236,ZAEOG-UAEOA,1491.646428,1492.653704,746.83049,498.222752,1490.639152,744.815938,1514.636197
237,JAEOAG-UAEOA,1377.614734,1378.62201,689.814643,460.2121873,1376.607458,687.800091,1400.604503
238,UAEOAG-UAEOA,1359.604169,1360.611445,680.8093605,454.2086657,1358.596893,678.7948085,1382.593938
239,XAEOAG-UAEOA,1580.694106,1581.701382,791.3543291,527.9053114,1579.68683,789.3397771,1603.683876
240,ZAEOAG-UAEOA,1562.683541,1563.690817,782.3490466,521.9017898,1561.676265,780.3344946,1585.673311
241,JAEOAAG-UAEOA,1448.651847,1449.659123,725.3331996,483.8912251,1447.644571,723.3186476,1471.641617
242,UAEOAAG-UAEOA,1430.641282,1431.648558,716.3279172,477.8877034,1429.634006,714.3133652,1453.631052
243,XAEOAAG-UAEOA,1651.73122,1652.738496,826.8728858,551.5843492,1650.723944,824.8583338,1674.720989
244,ZAEOAAG-UAEOA,1633.720655,1634.727931,817.8676033,545.5808275,1632.713379,815.8530513,1656.710424
245,HXAEOG-UAEOA,1712.736358,1713.743634,857.3754551,571.9193954,1711.729082,855.3609031,1735.726128
246,HZAEOG-UAEOA,1694.725793,1695.733069,848.3701727,565.9158738,1693.718517,846.3556206,1717.715563
247,HXAEOAG-UAEOA,1783.773472,1784.780748,892.8940118,595.5984332,1782.766196,890.8794598,1806.763241
248,HZAEOAG-UAEOA,1765.762907,1766.770183,883.8887293,589.5949115,1764.755631,881.8741773,1788.752676
249,HXAEOAAG-UAEOA,1854.810585,1855.817861,928.4125685,619.277471,1853.803309,926.3980164,1877.800354
250,HZAEOAAG-UAEOA,1836.80002,1837.807296,919.407286,613.2739493,1835.792744,917.3927339,1859.789789
251,AEOG-XAEOA,1252.567056,1253.574332,627.2908039,418.5296279,1251.55978,625.2762518,1275.556825
252,AEOAG-XAEOA,1323.604169,1324.611445,662.8093605,442.2086657,1322.596893,660.7948085,1346.593938
253,AEOAAG-XAEOA,1394.641282,1395.648558,698.3279171,465.8877034,1393.634006,696.3133651,1417.631052
254,JAEOG-XAEOA,1527.667558,1528.674834,764.841055,510.2297953,1526.660282,762.826503,1550.657327
255,UAEOG-XAEOA,1509.656993,1510.664269,755.8357725,504.2262737,1508.649717,753.8212205,1532.646762
256,XAEOG-XAEOA,1730.74693,1731.754206,866.3807411,577.9229194,1729.739654,864.3661891,1753.7367
257,ZAEOG-XAEOA,1712.736365,1713.743641,857.3754586,571.9193978,1711.729089,855.3609066,1735.726135
258,JAEOAG-XAEOA,1598.704671,1599.711947,800.3596116,533.9088331,1597.697395,798.3450596,1621.694441
259,UAEOAG-XAEOA,1580.694106,1581.701382,791.3543291,527.9053114,1579.68683,789.3397771,1603.683876
260,XAEOAG-XAEOA,1801.784044,1802.79132,901.8992978,601.6019572,1800.776768,899.8847458,1824.773813
261,ZAEOAG-XAEOA,1783.773479,1784.780755,892.8940153,595.5984355,1782.766203,890.8794633,1806.763248
262,JAEOAAG-XAEOA,1669.741785,1670.749061,835.8781683,557.5878709,1668.734509,833.8636163,1692.731554
263,UAEOAAG-XAEOA,1651.73122,1652.738496,826.8728858,551.5843492,1650.723944,824.8583338,1674.720989
264,XAEOAAG-XAEOA,1872.821157,1873.828433,937.4178545,625.280995,1871.813881,935.4033025,1895.810926
265,ZAEOAAG-XAEOA,1854.810592,1855.817868,928.412572,619.2774733,1853.803316,926.3980199,1877.800361
266,HXAEOG-XAEOA,1933.826296,1934.833572,967.9204238,645.6160412,1932.81902,965.9058718,1956.816065
267,HZAEOG-XAEOA,1915.815731,1916.823007,958.9151413,639.6125195,1914.808455,956.9005893,1938.8055
268,HXAEOAG-XAEOA,2004.863409,2005.870685,1003.43898,669.295079,2003.856133,1001.424428,2027.853178
269,HZAEOAG-XAEOA,1986.852844,1987.86012,994.4336979,663.2915573,1985.845568,992.4191459,2009.842613
270,HXAEOAAG-XAEOA,2075.900522,2076.907798,1038.957537,692.9741167,2074.893246,1036.942985,2098.890291
271,HZAEOAAG-XAEOA,2057.889957,2058.897233,1029.952255,686.9705951,2056.882681,1027.937703,2080.879726
272,AEOG-ZAEOA,1234.556491,1235.563767,618.2855214,412.5261062,1233.549215,616.2709694,1257.54626
273,AEOAG-ZAEOA,1305.593604,1306.60088,653.804078,436.205144,1304.586328,651.789526,1328.583373
274,AEOAAG-ZAEOA,1376.630717,1377.637993,689.3226346,459.8841818,1375.623441,687.3080826,1399.620487
275,JAEOG-ZAEOA,1509.656993,1510.664269,755.8357725,504.2262737,1508.649717,753.8212205,1532.646762
276,UAEOG-ZAEOA,1491.646428,1492.653704,746.83049,498.222752,1490.639152,744.815938,1514.636197
277,XAEOG-ZAEOA,1712.736365,1713.743641,857.3754586,571.9193978,1711.729089,855.3609066,1735.726135
278,ZAEOG-ZAEOA,1694.7258,1695.733076,848.3701761,565.9158761,1693.718524,846.3556241,1717.71557
279,JAEOAG-ZAEOA,1580.694106,1581.701382,791.3543291,527.9053114,1579.68683,789.3397771,1603.683876
280,UAEOAG-ZAEOA,1562.683541,1563.690817,782.3490466,521.9017898,1561.676265,780.3344946,1585.673311
281,XAEOAG-ZAEOA,1783.773479,1784.780755,892.8940153,595.5984355,1782.766203,890.8794633,1806.763248
282,ZAEOAG-ZAEOA,1765.762914,1766.77019,883.8887328,589.5949139,1764.755638,881.8741808,1788.752683
283,JAEOAAG-ZAEOA,1651.73122,1652.738496,826.8728858,551.5843492,1650.723944,824.8583338,1674.720989
284,UAEOAAG-ZAEOA,1633.720655,1634.727931,817.8676033,545.5808275,1632.713379,815.8530513,1656.710424
285,XAEOAAG-ZAEOA,1854.810592,1855.817868,928.412572,619.2774733,1853.803316,926.3980199,1877.800361
286,ZAEOAAG-ZAEOA,1836.800027,1837.807303,919.4072895,613.2739516,1835.792751,917.3927374,1859.789796
287,HXAEOG-ZAEOA,1915.815731,1916.823007,958.9151413,639.6125195,1914.808455,956.9005893,1938.8055
288,HZAEOG-ZAEOA,1897.805166,1898.812442,949.9098588,633.6089979,1896.79789,947.8953068,1920.794935
289,HXAEOAG-ZAEOA,1986.852844,1987.86012,994.4336979,663.2915573,1985.845568,992.4191459,2009.842613
290,HZAEOAG-ZAEOA,1968.842279,1969.849555,985.4284155,657.2880356,1967.835003,983.4138635,1991.832048
291,HXAEOAAG-ZAEOA,2057.889957,2058.897233,1029.952255,686.9705951,2056.882681,1027.937703,2080.879726
292,HZAEOAAG-ZAEOA,2039.879392,2040.886668,1020.946972,680.9670734,2038.872116,1018.93242,2062.869161
293,AEOG-JAEOAA,1120.524797,1121.532073,561.2696744,374.5155416,1119.517521,559.2551223,1143.514566
294,AEOAG-JAEOAA,1191.56191,1192.569186,596.788231,398.1945793,1190.554634,594.773679,1214.551679
295,AEOAAG-JAEOAA,1262.599023,1263.606299,632.3067876,421.8736171,1261.591747,630.2922356,1285.588793
296,JAEOG-JAEOAA,1395.625299,1396.632575,698.8199255,466.215709,1394.618023,696.8053735,1418.615068
297,UAEOG-JAEOAA,1377.614734,1378.62201,689.814643,460.2121873,1376.607458,687.800091,1400.604503
298,XAEOG-JAEOAA,1598.704671,1599.711947,800.3596116,533.9088331,1597.697395,798.3450596,1621.694441
299,ZAEOG-JAEOAA,1580.694106,1581.701382,791.3543291,527.9053114,1579.68683,789.3397771,1603.683876
300,JAEOAG-JAEOAA,1466.662412,1467.669688,734.3384821,489.8947468,1465.655136,732.3239301,1489.652182
301,UAEOAG-JAEOAA,1448.651847,1449.659123,725.3331996,483.8912251,1447.644571,723.3186476,1471.641617
302,XAEOAG-JAEOAA,1669.741785,1670.749061,835.8781683,557.5878709,1668.734509,833.8636163,1692.731554
303,ZAEOAG-JAEOAA,1651.73122,1652.738496,826.8728858,551.5843492,1650.723944,824.8583338,1674.720989
304,JAEOAAG-JAEOAA,1537.699526,1538.706802,769.8570388,513.5737845,1536.69225,767.8424868,1560.689295
305,UAEOAAG-JAEOAA,1519.688961,1520.696237,760.8517563,507.5702629,1518.681685,758.8372043,1542.67873
306,XAEOAAG-JAEOAA,1740.778898,1741.786174,871.396725,581.2669086,1739.771622,869.3821729,1763.768667
307,ZAEOAAG-JAEOAA,1722.768333,1723.775609,862.3914425,575.263387,1721.761057,860.3768904,1745.758102
308,HXAEOG-JAEOAA,1801.784037,1802.791313,901.8992943,601.6019549,1800.776761,899.8847423,1824.773806
309,HZAEOG-JAEOAA,1783.773472,1784.780748,892.8940118,595.5984332,1782.766196,890.8794598,1806.763241
310,HXAEOAG-JAEOAA,1872.82115,1873.828426,937.417851,625.2809926,1871.813874,935.4032989,1895.810919
311,HZAEOAG-JAEOAA,1854.810585,1855.817861,928.4125685,619.277471,1853.803309,926.3980164,1877.800354
312,HXAEOAAG-JAEOAA,1943.858263,1944.865539,972.9364076,648.9600304,1942.850987,970.9218556,1966.848032
313,HZAEOAAG-JAEOAA,1925.847698,1926.854974,963.9311251,642.9565087,1924.840422,961.9165731,1948.837467
314,AEOG-UAEOAA,1102.514232,1103.521508,552.2643918,368.5120199,1101.506956,550.2498398,1125.504001
315,AEOAG-UAEOAA,1173.551345,1174.558621,587.7829485,392.1910577,1172.544069,585.7683965,1196.541114
316,AEOAAG-UAEOAA,1244.588458,1245.595734,623.3015051,415.8700954,1243.581182,621.2869531,1267.578228
317,JAEOG-UAEOAA,1377.614734,1378.62201,689.814643,460.2121873,1376.607458,687.800091,1400.604503
318,UAEOG-UAEOAA,1359.604169,1360.611445,680.8093605,454.2086657,1358.596893,678.7948085,1382.593938
319,XAEOG-UAEOAA,1580.694106,1581.701382,791.3543291,527.9053114,1579.68683,789.3397771,1603.683876
320,ZAEOG-UAEOAA,1562.683541,1563.690817,782.3490466,521.9017898,1561.676265,780.3344946,1585.673311
321,JAEOAG-UAEOAA,1448.651847,1449.659123,725.3331996,483.8912251,1447.644571,723.3186476,1471.641617
322,UAEOAG-UAEOAA,1430.641282,1431.648558,716.3279171,477.8877034,1429.634006,714.3133651,1453.631052
323,XAEOAG-UAEOAA,1651.73122,1652.738496,826.8728858,551.5843492,1650.723944,824.8583338,1674.720989
324,ZAEOAG-UAEOAA,1633.720655,1634.727931,817.8676033,545.5808275,1632.713379,815.8530513,1656.710424
325,JAEOAAG-UAEOAA,1519.688961,1520.696237,760.8517563,507.5702629,1518.681685,758.8372043,1542.67873
326,UAEOAAG-UAEOAA,1501.678396,1502.685672,751.8464738,501.5667412,1500.67112,749.8319218,1524.668165
327,XAEOAAG-UAEOAA,1722.768333,1723.775609,862.3914425,575.263387,1721.761057,860.3768904,1745.758102
328,ZAEOAAG-UAEOAA,1704.757768,1705.765044,853.38616,569.2598653,1703.750492,851.3716079,1727.747537
329,HXAEOG-UAEOAA,1783.773472,1784.780748,892.8940118,595.5984332,1782.766196,890.8794598,1806.763241
330,HZAEOG-UAEOAA,1765.762907,1766.770183,883.8887293,589.5949115,1764.755631,881.8741773,1788.752676
331,HXAEOAG-UAEOAA,1854.810585,1855.817861,928.4125685,619.277471,1853.803309,926.3980164,1877.800354
332,HZAEOAG-UAEOAA,1836.80002,1837.807296,919.407286,613.2739493,1835.792744,917.3927339,1859.789789
333,HXAEOAAG-UAEOAA,1925.847698,1926.854974,963.9311251,642.9565087,1924.840422,961.9165731,1948.837467
334,HZAEOAAG-UAEOAA,1907.837133,1908.844409,954.9258426,636.9529871,1906.829857,952.9112906,1930.826902
335,AEOG-XAEOAA,1323.604169,1324.611445,662.8093605,442.2086657,1322.596893,660.7948085,1346.593938
336,AEOAG-XAEOAA,1394.641282,1395.648558,698.3279171,465.8877034,1393.634006,696.3133651,1417.631052
337,AEOAAG-XAEOAA,1465.678396,1466.685672,733.8464738,489.5667412,1464.67112,731.8319218,1488.668165
338,JAEOG-XAEOAA,1598.704671,1599.711947,800.3596116,533.9088331,1597.697395,798.3450596,1621.694441
339,UAEOG-XAEOAA,1580.694106,1581.701382,791.3543291,527.9053114,1579.68683,789.3397771,1603.683876
340,XAEOG-XAEOAA,1801.784044,1802.79132,901.8992978,601.6019572,1800.776768,899.8847458,1824.773813
341,ZAEOG-XAEOAA,1783.773479,1784.780755,892.8940153,595.5984355,1782.766203,890.8794633,1806.763248
342,JAEOAG-XAEOAA,1669.741785,1670.749061,835.8781683,557.5878709,1668.734509,833.8636163,1692.731554
343,UAEOAG-XAEOAA,1651.73122,1652.738496,826.8728858,551.5843492,1650.723944,824.8583338,1674.720989
344,XAEOAG-XAEOAA,1872.821157,1873.828433,937.4178545,625.280995,1871.813881,935.4033025,1895.810926
345,ZAEOAG-XAEOAA,1854.810592,1855.817868,928.412572,619.2774733,1853.803316,926.3980199,1877.800361
346,JAEOAAG-XAEOAA,1740.778898,1741.786174,871.3967249,581.2669086,1739.771622,869.3821729,1763.768667
347,UAEOAAG-XAEOAA,1722.768333,1723.775609,862.3914424,575.263387,1721.761057,860.3768904,1745.758102
348,XAEOAAG-XAEOAA,1943.85827,1944.865546,972.9364111,648.9600327,1942.850994,970.9218591,1966.848039
349,ZAEOAAG-XAEOAA,1925.847705,1926.854981,963.9311286,642.9565111,1924.840429,961.9165766,1948.837474
350,HXAEOG-XAEOAA,2004.863409,2005.870685,1003.43898,669.295079,2003.856133,1001.424428,2027.853178
351,HZAEOG-XAEOAA,1986.852844,1987.86012,994.433698,663.2915573,1985.845568,992.419146,2009.842613
352,HXAEOAG-XAEOAA,2075.900522,2076.907798,1038.957537,692.9741167,2074.893246,1036.942985,2098.890291
353,HZAEOAG-XAEOAA,2057.889957,2058.897233,1029.952255,686.9705951,2056.882681,1027.937703,2080.879726
354,HXAEOAAG-XAEOAA,2146.937636,2147.944911,1074.476094,716.6531545,2145.93036,1072.461542,2169.927405
355,HZAEOAAG-XAEOAA,2128.92707,2129.934346,1065.470811,710.6496328,2127.919794,1063.456259,2151.91684
356,AEOG-ZAEOAA,1305.593604,1306.60088,653.804078,436.205144,1304.586328,651.789526,1328.583373
357,AEOAG-ZAEOAA,1376.630717,1377.637993,689.3226346,459.8841818,1375.623441,687.3080826,1399.620487
358,AEOAAG-ZAEOAA,1447.667831,1448.675107,724.8411913,483.5632195,1446.660555,722.8266393,1470.6576
359,JAEOG-ZAEOAA,1580.694106,1581.701382,791.3543291,527.9053114,1579.68683,789.3397771,1603.683876
360,UAEOG-ZAEOAA,1562.683541,1563.690817,782.3490466,521.9017898,1561.676265,780.3344946,1585.673311
361,XAEOG-ZAEOAA,1783.773479,1784.780755,892.8940153,595.5984355,1782.766203,890.8794633,1806.763248
362,ZAEOG-ZAEOAA,1765.762914,1766.77019,883.8887328,589.5949139,1764.755638,881.8741808,1788.752683
363,JAEOAG-ZAEOAA,1651.73122,1652.738496,826.8728858,551.5843492,1650.723944,824.8583338,1674.720989
364,UAEOAG-ZAEOAA,1633.720655,1634.727931,817.8676033,545.5808275,1632.713379,815.8530513,1656.710424
365,XAEOAG-ZAEOAA,1854.810592,1855.817868,928.412572,619.2774733,1853.803316,926.3980199,1877.800361
366,ZAEOAG-ZAEOAA,1836.800027,1837.807303,919.4072894,613.2739516,1835.792751,917.3927374,1859.789796
367,JAEOAAG-ZAEOAA,1722.768333,1723.775609,862.3914424,575.263387,1721.761057,860.3768904,1745.758102
368,UAEOAAG-ZAEOAA,1704.757768,1705.765044,853.38616,569.2598653,1703.750492,851.3716079,1727.747537
369,XAEOAAG-ZAEOAA,1925.847705,1926.854981,963.9311286,642.9565111,1924.840429,961.9165766,1948.837474
370,ZAEOAAG-ZAEOAA,1907.83714,1908.844416,954.9258461,636.9529894,1906.829864,952.9112941,1930.826909
371,HXAEOG-ZAEOAA,1986.852844,1987.86012,994.4336979,663.2915573,1985.845568,992.4191459,2009.842613
372,HZAEOG-ZAEOAA,1968.842279,1969.849555,985.4284155,657.2880356,1967.835003,983.4138635,1991.832048
373,HXAEOAG-ZAEOAA,2057.889957,2058.897233,1029.952255,686.9705951,2056.882681,1027.937703,2080.879726
374,HZAEOAG-ZAEOAA,2039.879392,2040.886668,1020.946972,680.9670734,2038.872116,1018.93242,2062.869161
375,HXAEOAAG-ZAEOAA,2128.92707,2129.934346,1065.470811,710.6496328,2127.919794,1063.456259,2151.91684
376,HZAEOAAG-ZAEOAA,2110.916506,2111.923781,1056.465529,704.6461112,2109.90923,1054.450977,2133.906275
377,AEOG-AEOG,760.3715311,761.3788071,381.1930416,254.464453,759.3642551,379.1784896,783.3613004
378,AEOAAG-AEOG,902.4457577,903.4530337,452.2301549,301.8225286,901.4384817,450.2156029,925.435527
379,UAEOG-AEOG,1017.461468,1018.468744,509.7380102,340.1610988,1016.454192,507.7234582,1040.451238
380,ZAEOG-AEOG,1220.540841,1221.548117,611.2776964,407.8542229,1219.533565,609.2631444,1243.53061
381,UAEOAG-AEOG,1088.498582,1089.505858,545.2565669,363.8401366,1087.491306,543.2420149,1111.488351
382,ZAEOAG-AEOG,1291.577954,1292.58523,646.796253,431.5332607,1290.570678,644.781701,1314.567723
383,UAEOAAG-AEOG,1159.535695,1160.542971,580.7751235,387.5191743,1158.528419,578.7605715,1182.525464
384,ZAEOAAG-AEOG,1362.615067,1363.622343,682.3148097,455.2122984,1361.607791,680.3002576,1385.604837
385,HZAEOG-AEOG,1423.620206,1424.627482,712.817379,475.5473447,1422.61293,710.802827,1446.609975
386,HZAEOAG-AEOG,1494.657319,1495.664595,748.3359357,499.2263824,1493.650043,746.3213836,1517.647089
387,HZAEOAAG-AEOG,1565.694433,1566.701709,783.8544923,522.9054202,1564.687157,781.8399403,1588.684202
388,AEOG-AEOAG,831.4086444,832.4159204,416.7115982,278.1434908,830.4013684,414.6970462,854.3984137
389,AEOAG-AEOAG,902.4457577,903.4530337,452.2301549,301.8225286,901.4384817,450.2156029,925.435527
390,JAEOG-AEOAG,1106.509147,1107.516423,554.2618494,369.8436582,1105.501871,552.2472973,1129.498916
391,XAEOG-AEOAG,1309.588519,1310.595795,655.8015355,437.5367823,1308.581243,653.7869835,1332.578288
392,JAEOAG-AEOAG,1177.54626,1178.553536,589.780406,393.522696,1176.538984,587.765854,1200.536029
393,XAEOAG-AEOAG,1380.625632,1381.632908,691.3200921,461.2158201,1379.618356,689.3055401,1403.615402
394,JAEOAAG-AEOAG,1248.583373,1249.590649,625.2989627,417.2017338,1247.576097,623.2844106,1271.573143
395,XAEOAAG-AEOAG,1451.662746,1452.670022,726.8386488,484.8948579,1450.65547,724.8240968,1474.652515
396,HXAEOG-AEOAG,1512.667884,1513.67516,757.3412181,505.2299041,1511.660608,755.3266661,1535.657654
397,HXAEOAG-AEOAG,1583.704998,1584.712274,792.8597748,528.9089419,1582.697722,790.8452228,1606.694767
398,HXAEOAAG-AEOAG,1654.742111,1655.749387,828.3783314,552.5879796,1653.734835,826.3637794,1677.73188
399,AEOG-AEOAAG,902.4457577,903.4530337,452.2301549,301.8225286,901.4384817,450.2156029,925.435527
400,AEOAG-AEOAAG,973.482871,974.490147,487.7487115,325.5015663,972.475595,485.7341595,996.4726403
401,AEOAAG-AEOAAG,1044.519984,1045.52726,523.2672682,349.1806041,1043.512708,521.2527162,1067.509754
402,UAEOG-AEOAAG,1159.535695,1160.542971,580.7751235,387.5191743,1158.528419,578.7605715,1182.525464
403,ZAEOG-AEOAAG,1362.615067,1363.622343,682.3148096,455.2122984,1361.607791,680.3002576,1385.604837
404,UAEOAG-AEOAAG,1230.572808,1231.580084,616.2936802,411.1982121,1229.565532,614.2791281,1253.562578
405,ZAEOAG-AEOAAG,1433.652181,1434.659457,717.8333663,478.8913362,1432.644905,715.8188143,1456.64195
406,UAEOAAG-AEOAAG,1301.609922,1302.617198,651.8122368,434.8772499,1300.602646,649.7976848,1324.599691
407,ZAEOAAG-AEOAAG,1504.689294,1505.69657,753.351923,502.570374,1503.682018,751.3373709,1527.679063
408,HZAEOG-AEOAAG,1565.694433,1566.701709,783.8544923,522.9054202,1564.687157,781.8399403,1588.684202
409,HZAEOAG-AEOAAG,1636.731546,1637.738822,819.373049,546.584458,1635.72427,817.3584969,1659.721315
410,HZAEOAAG-AEOAAG,1707.768659,1708.775935,854.8916056,570.2634957,1706.761383,852.8770536,1730.758428
411,AEOG-JAEOG,1035.472033,1036.479309,518.7432927,346.1646205,1034.464757,516.7287407,1058.461803
412,AEOAAG-JAEOG,1177.54626,1178.553536,589.780406,393.522696,1176.538984,587.765854,1200.536029
413,JAEOG-JAEOG,1310.572536,1311.579812,656.2935439,437.8647879,1309.56526,654.2789918,1333.562305
414,XAEOG-JAEOG,1513.651908,1514.659184,757.83323,505.557912,1512.644632,755.818678,1536.641677
415,JAEOAG-JAEOG,1381.609649,1382.616925,691.8121005,461.5438257,1380.602373,689.7975485,1404.599418
416,XAEOAG-JAEOG,1584.689021,1585.696297,793.3517867,529.2369498,1583.681745,791.3372346,1607.678791
417,JAEOAAG-JAEOG,1452.646762,1453.654038,727.3306572,485.2228634,1451.639486,725.3161051,1475.636532
418,XAEOAAG-JAEOG,1655.726135,1656.733411,828.8703433,552.9159875,1654.718859,826.8557913,1678.715904
419,HXAEOG-JAEOG,1716.731273,1717.738549,859.3729127,573.2510338,1715.723997,857.3583606,1739.721043
420,HXAEOAG-JAEOG,1787.768387,1788.775663,894.8914693,596.9300715,1786.761111,892.8769173,1810.758156
421,HXAEOAAG-JAEOG,1858.8055,1859.812776,930.4100259,620.6091093,1857.798224,928.3954739,1881.795269
422,AEOG-UAEOG,1017.461468,1018.468744,509.7380102,340.1610988,1016.454192,507.7234582,1040.451238
423,AEOAG-UAEOG,1088.498582,1089.505858,545.2565669,363.8401366,1087.491306,543.2420149,1111.488351
424,JAEOG-UAEOG,1292.561971,1293.569247,647.2882614,431.8612662,1291.554695,645.2737093,1315.55174
425,UAEOG-UAEOG,1274.551406,1275.558682,638.2829789,425.8577446,1273.54413,636.2684269,1297.541175
426,ZAEOG-UAEOG,1477.630778,1478.638054,739.822665,493.5508687,1476.623502,737.808113,1500.620547
427,UAEOAG-UAEOG,1345.588519,1346.595795,673.8015355,449.5367823,1344.581243,671.7869835,1368.578288
428,ZAEOAG-UAEOG,1548.667891,1549.675167,775.3412217,517.2299064,1547.660615,773.3266696,1571.657661
429,UAEOAAG-UAEOG,1416.625632,1417.632908,709.3200922,473.2158201,1415.618356,707.3055402,1439.615402
430,ZAEOAAG-UAEOG,1619.705005,1620.712281,810.8597783,540.9089442,1618.697729,808.8452263,1642.694774
431,HZAEOG-UAEOG,1680.710143,1681.717419,841.3623477,561.2439904,1679.702867,839.3477957,1703.699913
432,HZAEOAG-UAEOG,1751.747257,1752.754533,876.8809043,584.9230282,1750.739981,874.8663523,1774.737026
433,HZAEOAAG-UAEOG,1822.78437,1823.791646,912.399461,608.602066,1821.777094,910.384909,1845.774139
434,AEOG-XAEOG,1238.551406,1239.558682,620.2829789,413.8577446,1237.54413,618.2684269,1261.541175
435,AEOAAG-XAEOG,1380.625632,1381.632908,691.3200921,461.2158201,1379.618356,689.3055401,1403.615402
436,UAEOG-XAEOG,1495.641343,1496.648619,748.8279475,499.5543903,1494.634067,746.8133955,1518.631112
437,XAEOG-XAEOG,1716.73128,1717.738556,859.3729161,573.2510361,1715.724004,857.3583641,1739.72105
438,JAEOAG-XAEOG,1584.689021,1585.696297,793.3517867,529.2369498,1583.681745,791.3372346,1607.678791
439,XAEOAG-XAEOG,1787.768394,1788.77567,894.8914728,596.9300739,1786.761118,892.8769208,1810.758163
440,JAEOAAG-XAEOG,1655.726135,1656.733411,828.8703433,552.9159875,1654.718859,826.8557913,1678.715904
441,XAEOAAG-XAEOG,1858.805507,1859.812783,930.4100295,620.6091116,1857.798231,928.3954775,1881.795276
442,HXAEOG-XAEOG,1919.810646,1920.817922,960.9125988,640.9441579,1918.80337,958.8980468,1942.800415
443,HXAEOAG-XAEOG,1990.847759,1991.855035,996.4311555,664.6231956,1989.840483,994.4166034,2013.837528
444,HXAEOAAG-XAEOG,2061.884872,2062.892148,1031.949712,688.3022334,2060.877596,1029.93516,2084.874641
445,AEOG-ZAEOG,1220.540841,1221.548117,611.2776964,407.8542229,1219.533565,609.2631444,1243.53061
446,AEOAG-ZAEOG,1291.577954,1292.58523,646.796253,431.5332607,1290.570678,644.781701,1314.567723
447,JAEOG-ZAEOG,1495.641343,1496.648619,748.8279475,499.5543903,1494.634067,746.8133955,1518.631112
448,XAEOG-ZAEOG,1698.720715,1699.727991,850.3676337,567.2475144,1697.713439,848.3530816,1721.710485
449,ZAEOG-ZAEOG,1680.71015,1681.717426,841.3623512,561.2439928,1679.702874,839.3477991,1703.69992
450,UAEOAG-ZAEOG,1548.667891,1549.675167,775.3412217,517.2299064,1547.660615,773.3266696,1571.657661
451,ZAEOAG-ZAEOG,1751.747264,1752.75454,876.8809078,584.9230305,1750.739988,874.8663558,1774.737033
452,UAEOAAG-ZAEOG,1619.705005,1620.712281,810.8597783,540.9089442,1618.697729,808.8452263,1642.694774
453,ZAEOAAG-ZAEOG,1822.784377,1823.791653,912.3994645,608.6020683,1821.777101,910.3849125,1845.774146
454,HZAEOG-ZAEOG,1883.789516,1884.796792,942.9020338,628.9371145,1882.78224,940.8874818,1906.779285
455,HZAEOAG-ZAEOG,1954.826629,1955.833905,978.4205905,652.6161523,1953.819353,976.4060385,1977.816398
456,HZAEOAAG-ZAEOG,2025.863742,2026.871018,1013.939147,676.2951901,2024.856466,1011.924595,2048.853511
457,AEOG-JAEOAG,1106.509147,1107.516423,554.2618494,369.8436582,1105.501871,552.2472973,1129.498916
458,AEOAAG-JAEOAG,1248.583373,1249.590649,625.2989627,417.2017338,1247.576097,623.2844106,1271.573143
459,UAEOG-JAEOAG,1363.599084,1364.60636,682.806818,455.540304,1362.591808,680.792266,1386.588853
460,ZAEOG-JAEOAG,1566.678456,1567.685732,784.3465041,523.2334281,1565.67118,782.3319521,1589.668226
461,JAEOAG-JAEOAG,1452.646762,1453.654038,727.3306572,485.2228634,1451.639486,725.3161051,1475.636532
462,XAEOAG-JAEOAG,1655.726135,1656.733411,828.8703433,552.9159875,1654.718859,826.8557913,1678.715904
463,JAEOAAG-JAEOAG,1523.683876,1524.691152,762.8492138,508.9019012,1522.6766,760.8346618,1546.673645
464,XAEOAAG-JAEOAG,1726.763248,1727.770524,864.3889,576.5950253,1725.755972,862.374348,1749.753017
465,HXAEOG-JAEOAG,1787.768387,1788.775663,894.8914693,596.9300715,1786.761111,892.8769173,1810.758156
466,HXAEOAG-JAEOAG,1858.8055,1859.812776,930.4100259,620.6091093,1857.798224,928.3954739,1881.795269
467,HXAEOAAG-JAEOAG,1929.842613,1930.849889,965.9285826,644.2881471,1928.835337,963.9140306,1952.832382
468,AEOG-UAEOAG,1088.498582,1089.505858,545.2565669,363.8401366,1087.491306,543.2420148,1111.488351
469,AEOAG-UAEOAG,1159.535695,1160.542971,580.7751235,387.5191743,1158.528419,578.7605715,1182.525464
470,JAEOG-UAEOAG,1363.599084,1364.60636,682.806818,455.540304,1362.591808,680.792266,1386.588853
471,XAEOG-UAEOAG,1566.678456,1567.685732,784.3465042,523.2334281,1565.67118,782.3319521,1589.668226
472,JAEOAG-UAEOAG,1434.636197,1435.643473,718.3253747,479.2193418,1433.628921,716.3108226,1457.625967
473,UAEOAG-UAEOAG,1416.625632,1417.632908,709.3200921,473.2158201,1415.618356,707.3055401,1439.615402
474,ZAEOAG-UAEOAG,1619.705005,1620.712281,810.8597783,540.9089442,1618.697729,808.8452263,1642.694774
475,UAEOAAG-UAEOAG,1487.662746,1488.670022,744.8386488,496.8948579,1486.65547,742.8240968,1510.652515
476,ZAEOAAG-UAEOAG,1690.742118,1691.749394,846.378335,564.587982,1689.734842,844.363783,1713.731887
477,HZAEOG-UAEOAG,1751.747257,1752.754533,876.8809043,584.9230282,1750.739981,874.8663523,1774.737026
478,HZAEOAG-UAEOAG,1822.78437,1823.791646,912.399461,608.602066,1821.777094,910.384909,1845.774139
479,HZAEOAAG-UAEOAG,1893.821483,1894.828759,947.9180176,632.2811037,1892.814207,945.9034656,1916.811252
480,AEOG-XAEOAG,1309.588519,1310.595795,655.8015355,437.5367823,1308.581243,653.7869835,1332.578288
481,AEOAAG-XAEOAG,1451.662746,1452.670022,726.8386488,484.8948579,1450.65547,724.8240968,1474.652515
482,UAEOG-XAEOAG,1566.678456,1567.685732,784.3465042,523.2334281,1565.67118,782.3319521,1589.668226
483,ZAEOG-XAEOAG,1769.757829,1770.765105,885.8861903,590.9265522,1768.750553,883.8716383,1792.747598
484,UAEOAG-XAEOAG,1637.71557,1638.722846,819.8650608,546.9124659,1636.708294,817.8505088,1660.705339
485,XAEOAG-XAEOAG,1858.805507,1859.812783,930.4100294,620.6091116,1857.798231,928.3954774,1881.795276
486,JAEOAAG-XAEOAG,1726.763248,1727.770524,864.3889,576.5950253,1725.755972,862.3743479,1749.753017
487,XAEOAAG-XAEOAG,1929.84262,1930.849896,965.9285861,644.2881494,1928.835344,963.9140341,1952.832389
488,HXAEOG-XAEOAG,1990.847759,1991.855035,996.4311555,664.6231956,1989.840483,994.4166034,2013.837528
489,HXAEOAG-XAEOAG,2061.884872,2062.892148,1031.949712,688.3022334,2060.877596,1029.93516,2084.874641
490,HXAEOAAG-XAEOAG,2132.921986,2133.929262,1067.468269,711.9812712,2131.91471,1065.453717,2155.911755
491,AEOG-ZAEOAG,1291.577954,1292.58523,646.796253,431.5332607,1290.570678,644.781701,1314.567723
492,AEOAG-ZAEOAG,1362.615067,1363.622343,682.3148096,455.2122984,1361.607791,680.3002576,1385.604837
493,JAEOG-ZAEOAG,1566.678456,1567.685732,784.3465041,523.2334281,1565.67118,782.3319521,1589.668226
494,XAEOG-ZAEOAG,1769.757829,1770.765105,885.8861903,590.9265522,1768.750553,883.8716383,1792.747598
495,JAEOAG-ZAEOAG,1637.71557,1638.722846,819.8650608,546.9124659,1636.708294,817.8505088,1660.705339
496,XAEOAG-ZAEOAG,1840.794942,1841.802218,921.4047469,614.60559,1839.787666,919.3901949,1863.784711
497,ZAEOAG-ZAEOAG,1822.784377,1823.791653,912.3994644,608.6020683,1821.777101,910.3849124,1845.774146
498,UAEOAAG-ZAEOAG,1690.742118,1691.749394,846.378335,564.587982,1689.734842,844.363783,1713.731887
499,ZAEOAAG-ZAEOAG,1893.82149,1894.828766,947.9180211,632.2811061,1892.814214,945.9034691,1916.811259
500,HZAEOG-ZAEOAG,1954.826629,1955.833905,978.4205905,652.6161523,1953.819353,976.4060385,1977.816398
501,HZAEOAG-ZAEOAG,2025.863742,2026.871018,1013.939147,676.2951901,2024.856466,1011.924595,2048.853511
502,HZAEOAAG-ZAEOAG,2096.900856,2097.908132,1049.457704,699.9742278,2095.89358,1047.443152,2119.890625
503,AEOG-JAEOAAG,1177.54626,1178.553536,589.780406,393.522696,1176.538984,587.765854,1200.536029
504,AEOAAG-JAEOAAG,1319.620487,1320.627763,660.8175193,440.8807715,1318.613211,658.8029673,1342.610256
505,UAEOG-JAEOAAG,1434.636197,1435.643473,718.3253747,479.2193418,1433.628921,716.3108226,1457.625967
506,ZAEOG-JAEOAAG,1637.71557,1638.722846,819.8650608,546.9124659,1636.708294,817.8505088,1660.705339
507,UAEOAG-JAEOAAG,1505.673311,1506.680587,753.8439313,502.8983795,1504.666035,751.8293793,1528.66308
508,ZAEOAG-JAEOAAG,1708.752683,1709.759959,855.3836175,570.5915036,1707.745407,853.3690654,1731.742452
509,JAEOAAG-JAEOAAG,1594.720989,1595.728265,798.3677705,532.580939,1593.713713,796.3532184,1617.710758
510,XAEOAAG-JAEOAAG,1797.800361,1798.807637,899.9074566,600.2740631,1796.793085,897.8929046,1820.79013
511,HXAEOG-JAEOAAG,1858.8055,1859.812776,930.4100259,620.6091093,1857.798224,928.3954739,1881.795269
512,HXAEOAG-JAEOAAG,1929.842613,1930.849889,965.9285826,644.2881471,1928.835337,963.9140306,1952.832382
513,HXAEOAAG-JAEOAAG,2000.879726,2001.887002,1001.447139,667.9671848,1999.87245,999.4325872,2023.869496
514,AEOG-UAEOAAG,1159.535695,1160.542971,580.7751235,387.5191743,1158.528419,578.7605715,1182.525464
515,AEOAG-UAEOAAG,1230.572808,1231.580084,616.2936802,411.1982121,1229.565532,614.2791281,1253.562578
516,JAEOG-UAEOAAG,1434.636197,1435.643473,718.3253747,479.2193418,1433.628921,716.3108226,1457.625967
517,XAEOG-UAEOAAG,1637.71557,1638.722846,819.8650608,546.9124659,1636.708294,817.8505088,1660.705339
518,JAEOAG-UAEOAAG,1505.673311,1506.680587,753.8439313,502.8983795,1504.666035,751.8293793,1528.66308
519,XAEOAG-UAEOAAG,1708.752683,1709.759959,855.3836175,570.5915036,1707.745407,853.3690654,1731.742452
520,JAEOAAG-UAEOAAG,1576.710424,1577.7177,789.362488,526.5774173,1575.703148,787.3479359,1599.700193
521,UAEOAAG-UAEOAAG,1558.699859,1559.707135,780.3572055,520.5738956,1557.692583,778.3426535,1581.689628
522,ZAEOAAG-UAEOAAG,1761.779231,1762.786507,881.8968916,588.2670197,1760.771955,879.8823396,1784.769
523,HZAEOG-UAEOAAG,1822.78437,1823.791646,912.399461,608.602066,1821.777094,910.384909,1845.774139
524,HZAEOAG-UAEOAAG,1893.821483,1894.828759,947.9180176,632.2811037,1892.814207,945.9034656,1916.811252
525,HZAEOAAG-UAEOAAG,1964.858596,1965.865872,983.4365742,655.9601415,1963.85132,981.4220222,1987.848366
526,AEOG-XAEOAAG,1380.625632,1381.632908,691.3200921,461.2158201,1379.618356,689.3055401,1403.615402
527,AEOAAG-XAEOAAG,1522.699859,1523.707135,762.3572054,508.5738956,1521.692583,760.3426534,1545.689628
528,UAEOG-XAEOAAG,1637.71557,1638.722846,819.8650608,546.9124659,1636.708294,817.8505088,1660.705339
529,ZAEOG-XAEOAAG,1840.794942,1841.802218,921.4047469,614.60559,1839.787666,919.3901949,1863.784711
530,UAEOAG-XAEOAAG,1708.752683,1709.759959,855.3836175,570.5915036,1707.745407,853.3690654,1731.742452
531,ZAEOAG-XAEOAAG,1911.832055,1912.839331,956.9233036,638.2846277,1910.824779,954.9087516,1934.821824
532,UAEOAAG-XAEOAAG,1779.789796,1780.797072,890.9021741,594.2705414,1778.78252,888.8876221,1802.779565
533,XAEOAAG-XAEOAAG,2000.879734,2001.88701,1001.447143,667.9671872,1999.872457,999.4325907,2023.869503
534,HXAEOG-XAEOAAG,2061.884872,2062.892148,1031.949712,688.3022334,2060.877596,1029.93516,2084.874641
535,HXAEOAG-XAEOAAG,2132.921985,2133.929261,1067.468269,711.9812712,2131.91471,1065.453717,2155.911755
536,HXAEOAAG-XAEOAAG,2203.959099,2204.966375,1102.986825,735.6603089,2202.951823,1100.972273,2226.948868
537,AEOG-ZAEOAAG,1362.615067,1363.622343,682.3148097,455.2122984,1361.607791,680.3002576,1385.604837
538,AEOAG-ZAEOAAG,1433.652181,1434.659457,717.8333663,478.8913362,1432.644905,715.8188143,1456.64195
539,JAEOG-ZAEOAAG,1637.71557,1638.722846,819.8650608,546.9124659,1636.708294,817.8505088,1660.705339
540,XAEOG-ZAEOAAG,1840.794942,1841.802218,921.4047469,614.60559,1839.787666,919.3901949,1863.784711
541,JAEOAG-ZAEOAAG,1708.752683,1709.759959,855.3836175,570.5915036,1707.745407,853.3690654,1731.742452
542,XAEOAG-ZAEOAAG,1911.832055,1912.839331,956.9233036,638.2846277,1910.824779,954.9087516,1934.821824
543,JAEOAAG-ZAEOAAG,1779.789796,1780.797072,890.9021741,594.2705414,1778.78252,888.8876221,1802.779565
544,XAEOAAG-ZAEOAAG,1982.869169,1983.876445,992.4418603,661.9636655,1981.861892,990.4273082,2005.858938
545,ZAEOAAG-ZAEOAAG,1964.858603,1965.86588,983.4365778,655.9601438,1963.851327,981.4220257,1987.848373
546,HZAEOG-ZAEOAAG,2025.863742,2026.871018,1013.939147,676.2951901,2024.856466,1011.924595,2048.853511
547,HZAEOAG-ZAEOAAG,2096.900856,2097.908132,1049.457704,699.9742278,2095.89358,1047.443152,2119.890625
548,HZAEOAAG-ZAEOAAG,2167.937969,2168.945245,1084.97626,723.6532656,2166.930693,1082.961708,2190.927738
549,AEOG-HXAEO,1384.609308,1385.616584,693.3119299,462.5437119,1383.602032,691.2973778,1407.599077
550,AEOAG-HXAEO,1455.646421,1456.653697,728.8304865,486.2227497,1454.639145,726.8159345,1478.63619
551,AEOAAG-HXAEO,1526.683534,1527.69081,764.3490431,509.9017874,1525.676258,762.3344911,1549.673304
552,JAEOG-HXAEO,1659.70981,1660.717086,830.862181,554.2438793,1658.702534,828.847629,1682.699579
553,UAEOG-HXAEO,1641.699245,1642.706521,821.8568985,548.2403577,1640.691969,819.8423465,1664.689014
554,XAEOG-HXAEO,1862.789182,1863.796458,932.4018671,621.9370034,1861.781906,930.3873151,1885.778952
555,ZAEOG-HXAEO,1844.778617,1845.785893,923.3965846,615.9334818,1843.771341,921.3820326,1867.768387
556,JAEOAG-HXAEO,1730.746923,1731.754199,866.3807376,577.9229171,1729.739647,864.3661856,1753.736693
557,UAEOAG-HXAEO,1712.736358,1713.743634,857.3754552,571.9193954,1711.729082,855.3609031,1735.726128
558,XAEOAG-HXAEO,1933.826296,1934.833572,967.9204238,645.6160412,1932.81902,965.9058718,1956.816065
559,ZAEOAG-HXAEO,1915.815731,1916.823007,958.9151413,639.6125195,1914.808455,956.9005893,1938.8055
560,JAEOAAG-HXAEO,1801.784037,1802.791313,901.8992943,601.6019549,1800.776761,899.8847423,1824.773806
561,UAEOAAG-HXAEO,1783.773472,1784.780748,892.8940118,595.5984332,1782.766196,890.8794598,1806.763241
562,XAEOAAG-HXAEO,2004.863409,2005.870685,1003.43898,669.295079,2003.856133,1001.424428,2027.853178
563,ZAEOAAG-HXAEO,1986.852844,1987.86012,994.433698,663.2915573,1985.845568,992.419146,2009.842613
564,HXAEOG-HXAEO,2065.868548,2066.875824,1033.94155,689.6301252,2064.861272,1031.926998,2088.858317
565,HZAEOG-HXAEO,2047.857983,2048.865259,1024.936267,683.6266035,2046.850707,1022.921715,2070.847752
566,HXAEOAG-HXAEO,2136.905661,2137.912937,1069.460106,713.309163,2135.898385,1067.445554,2159.89543
567,HZAEOAG-HXAEO,2118.895096,2119.902372,1060.454824,707.3056413,2117.88782,1058.440272,2141.884865
568,HXAEOAAG-HXAEO,2207.942774,2208.95005,1104.978663,736.9882007,2206.935498,1102.964111,2230.932543
569,HZAEOAAG-HXAEO,2189.932209,2190.939485,1095.973381,730.9846791,2188.924933,1093.958829,2212.921978
570,AEOG-HZAEO,1366.598743,1367.606019,684.3066473,456.5401902,1365.591467,682.2920953,1389.588512
571,AEOAG-HZAEO,1437.635856,1438.643132,719.825204,480.219228,1436.62858,717.810652,1460.625625
572,AEOAAG-HZAEO,1508.672969,1509.680245,755.3437606,503.8982658,1507.665693,753.3292086,1531.662739
573,JAEOG-HZAEO,1641.699245,1642.706521,821.8568985,548.2403577,1640.691969,819.8423465,1664.689014
574,UAEOG-HZAEO,1623.68868,1624.695956,812.851616,542.236836,1622.681404,810.837064,1646.678449
575,XAEOG-HZAEO,1844.778617,1845.785893,923.3965846,615.9334818,1843.771341,921.3820326,1867.768387
576,ZAEOG-HZAEO,1826.768052,1827.775328,914.3913021,609.9299601,1825.760776,912.3767501,1849.757822
577,JAEOAG-HZAEO,1712.736358,1713.743634,857.3754551,571.9193954,1711.729082,855.3609031,1735.726128
578,UAEOAG-HZAEO,1694.725793,1695.733069,848.3701727,565.9158738,1693.718517,846.3556206,1717.715563
579,XAEOAG-HZAEO,1915.815731,1916.823007,958.9151413,639.6125195,1914.808455,956.9005893,1938.8055
580,ZAEOAG-HZAEO,1897.805166,1898.812442,949.9098588,633.6089979,1896.79789,947.8953068,1920.794935
581,JAEOAAG-HZAEO,1783.773472,1784.780748,892.8940118,595.5984332,1782.766196,890.8794598,1806.763241
582,UAEOAAG-HZAEO,1765.762907,1766.770183,883.8887293,589.5949115,1764.755631,881.8741773,1788.752676
583,XAEOAAG-HZAEO,1986.852844,1987.86012,994.433698,663.2915573,1985.845568,992.419146,2009.842613
584,ZAEOAAG-HZAEO,1968.842279,1969.849555,985.4284155,657.2880356,1967.835003,983.4138635,1991.832048
585,HXAEOG-HZAEO,2047.857983,2048.865259,1024.936267,683.6266035,2046.850707,1022.921715,2070.847752
586,HZAEOG-HZAEO,2029.847418,2030.854694,1015.930985,677.6230819,2028.840142,1013.916433,2052.837187
587,HXAEOAG-HZAEO,2118.895096,2119.902372,1060.454824,707.3056413,2117.88782,1058.440272,2141.884865
588,HZAEOAG-HZAEO,2100.884531,2101.891807,1051.449541,701.3021196,2099.877255,1049.434989,2123.8743
589,HXAEOAAG-HZAEO,2189.932209,2190.939485,1095.973381,730.9846791,2188.924933,1093.958829,2212.921978
590,HZAEOAAG-HZAEO,2171.921644,2172.92892,1086.968098,724.9811574,2170.914368,1084.953546,2194.911413
591,AEOG-HXAEOA,1455.646421,1456.653697,728.8304865,486.2227497,1454.639145,726.8159345,1478.63619
592,AEOAG-HXAEOA,1526.683534,1527.69081,764.3490431,509.9017874,1525.676258,762.3344911,1549.673304
593,AEOAAG-HXAEOA,1597.720648,1598.727924,799.8675998,533.5808252,1596.713372,797.8530478,1620.710417
594,JAEOG-HXAEOA,1730.746923,1731.754199,866.3807376,577.9229171,1729.739647,864.3661856,1753.736693
595,UAEOG-HXAEOA,1712.736358,1713.743634,857.3754551,571.9193954,1711.729082,855.3609031,1735.726128
596,XAEOG-HXAEOA,1933.826296,1934.833572,967.9204238,645.6160412,1932.81902,965.9058718,1956.816065
597,ZAEOG-HXAEOA,1915.815731,1916.823007,958.9151413,639.6125195,1914.808455,956.9005893,1938.8055
598,JAEOAG-HXAEOA,1801.784037,1802.791313,901.8992943,601.6019549,1800.776761,899.8847423,1824.773806
599,UAEOAG-HXAEOA,1783.773472,1784.780748,892.8940118,595.5984332,1782.766196,890.8794598,1806.763241
600,XAEOAG-HXAEOA,2004.863409,2005.870685,1003.43898,669.295079,2003.856133,1001.424428,2027.853178
601,ZAEOAG-HXAEOA,1986.852844,1987.86012,994.4336979,663.2915573,1985.845568,992.4191459,2009.842613
602,JAEOAAG-HXAEOA,1872.82115,1873.828426,937.417851,625.2809926,1871.813874,935.4032989,1895.810919
603,UAEOAAG-HXAEOA,1854.810585,1855.817861,928.4125685,619.277471,1853.803309,926.3980164,1877.800354
604,XAEOAAG-HXAEOA,2075.900522,2076.907798,1038.957537,692.9741167,2074.893246,1036.942985,2098.890291
605,ZAEOAAG-HXAEOA,2057.889957,2058.897233,1029.952255,686.9705951,2056.882681,1027.937703,2080.879726
606,HXAEOG-HXAEOA,2136.905661,2137.912937,1069.460106,713.309163,2135.898385,1067.445554,2159.89543
607,HZAEOG-HXAEOA,2118.895096,2119.902372,1060.454824,707.3056413,2117.88782,1058.440272,2141.884865
608,HXAEOAG-HXAEOA,2207.942774,2208.95005,1104.978663,736.9882007,2206.935498,1102.964111,2230.932543
609,HZAEOAG-HXAEOA,2189.932209,2190.939485,1095.973381,730.9846791,2188.924933,1093.958829,2212.921978
610,HXAEOAAG-HXAEOA,2278.979888,2279.987164,1140.49722,760.6672385,2277.972612,1138.482668,2301.969657
611,HZAEOAAG-HXAEOA,2260.969323,2261.976599,1131.491937,754.6637168,2259.962047,1129.477385,2283.959092
612,AEOG-HZAEOA,1437.635856,1438.643132,719.825204,480.219228,1436.62858,717.810652,1460.625625
613,AEOAG-HZAEOA,1508.672969,1509.680245,755.3437606,503.8982658,1507.665693,753.3292086,1531.662739
614,AEOAAG-HZAEOA,1579.710083,1580.717359,790.8623173,527.5773035,1578.702807,788.8477653,1602.699852
615,JAEOG-HZAEOA,1712.736358,1713.743634,857.3754551,571.9193954,1711.729082,855.3609031,1735.726128
616,UAEOG-HZAEOA,1694.725793,1695.733069,848.3701726,565.9158738,1693.718517,846.3556206,1717.715563
617,XAEOG-HZAEOA,1915.815731,1916.823007,958.9151413,639.6125195,1914.808455,956.9005893,1938.8055
618,ZAEOG-HZAEOA,1897.805166,1898.812442,949.9098588,633.6089979,1896.79789,947.8953068,1920.794935
619,JAEOAG-HZAEOA,1783.773472,1784.780748,892.8940118,595.5984332,1782.766196,890.8794598,1806.763241
620,UAEOAG-HZAEOA,1765.762907,1766.770183,883.8887293,589.5949115,1764.755631,881.8741773,1788.752676
621,XAEOAG-HZAEOA,1986.852844,1987.86012,994.4336979,663.2915573,1985.845568,992.4191459,2009.842613
622,ZAEOAG-HZAEOA,1968.842279,1969.849555,985.4284155,657.2880356,1967.835003,983.4138635,1991.832048
623,JAEOAAG-HZAEOA,1854.810585,1855.817861,928.4125685,619.277471,1853.803309,926.3980164,1877.800354
624,UAEOAAG-HZAEOA,1836.80002,1837.807296,919.407286,613.2739493,1835.792744,917.3927339,1859.789789
625,XAEOAAG-HZAEOA,2057.889957,2058.897233,1029.952255,686.9705951,2056.882681,1027.937703,2080.879726
626,ZAEOAAG-HZAEOA,2039.879392,2040.886668,1020.946972,680.9670734,2038.872116,1018.93242,2062.869161
627,HXAEOG-HZAEOA,2118.895096,2119.902372,1060.454824,707.3056413,2117.88782,1058.440272,2141.884865
628,HZAEOG-HZAEOA,2100.884531,2101.891807,1051.449541,701.3021196,2099.877255,1049.434989,2123.8743
629,HXAEOAG-HZAEOA,2189.932209,2190.939485,1095.973381,730.9846791,2188.924933,1093.958829,2212.921978
630,HZAEOAG-HZAEOA,2171.921644,2172.92892,1086.968098,724.9811574,2170.914368,1084.953546,2194.911413
631,HXAEOAAG-HZAEOA,2260.969322,2261.976598,1131.491937,754.6637168,2259.962047,1129.477385,2283.959092
632,HZAEOAAG-HZAEOA,2242.958758,2243.966034,1122.486655,748.6601952,2241.951482,1120.472103,2265.948527
633,AEOG-HXAEOAA,1526.683534,1527.69081,764.3490431,509.9017874,1525.676258,762.3344911,1549.673304
634,AEOAG-HXAEOAA,1597.720648,1598.727924,799.8675998,533.5808252,1596.713372,797.8530478,1620.710417
635,AEOAAG-HXAEOAA,1668.757761,1669.765037,835.3861564,557.259863,1667.750485,833.3716044,1691.74753
636,JAEOG-HXAEOAA,1801.784037,1802.791313,901.8992943,601.6019549,1800.776761,899.8847423,1824.773806
637,UAEOG-HXAEOAA,1783.773472,1784.780748,892.8940118,595.5984332,1782.766196,890.8794598,1806.763241
638,XAEOG-HXAEOAA,2004.863409,2005.870685,1003.43898,669.295079,2003.856133,1001.424428,2027.853178
639,ZAEOG-HXAEOAA,1986.852844,1987.86012,994.4336979,663.2915573,1985.845568,992.4191459,2009.842613
640,JAEOAG-HXAEOAA,1872.82115,1873.828426,937.417851,625.2809926,1871.813874,935.4032989,1895.810919
641,UAEOAG-HXAEOAA,1854.810585,1855.817861,928.4125685,619.277471,1853.803309,926.3980164,1877.800354
642,XAEOAG-HXAEOAA,2075.900522,2076.907798,1038.957537,692.9741167,2074.893246,1036.942985,2098.890291
643,ZAEOAG-HXAEOAA,2057.889957,2058.897233,1029.952255,686.9705951,2056.882681,1027.937703,2080.879726
644,JAEOAAG-HXAEOAA,1943.858263,1944.865539,972.9364076,648.9600304,1942.850987,970.9218556,1966.848032
645,UAEOAAG-HXAEOAA,1925.847698,1926.854974,963.9311251,642.9565087,1924.840422,961.9165731,1948.837467
646,XAEOAAG-HXAEOAA,2146.937636,2147.944911,1074.476094,716.6531545,2145.93036,1072.461542,2169.927405
647,ZAEOAAG-HXAEOAA,2128.927071,2129.934347,1065.470811,710.6496328,2127.919795,1063.456259,2151.91684
648,HXAEOG-HXAEOAA,2207.942774,2208.95005,1104.978663,736.9882007,2206.935498,1102.964111,2230.932543
649,HZAEOG-HXAEOAA,2189.932209,2190.939485,1095.973381,730.9846791,2188.924933,1093.958829,2212.921978
650,HXAEOAG-HXAEOAA,2278.979888,2279.987164,1140.49722,760.6672385,2277.972612,1138.482668,2301.969657
651,HZAEOAG-HXAEOAA,2260.969322,2261.976598,1131.491937,754.6637168,2259.962047,1129.477385,2283.959092
652,HXAEOAAG-HXAEOAA,2350.017001,2351.024277,1176.015776,784.3462763,2349.009725,1174.001224,2373.00677
653,HZAEOAAG-HXAEOAA,2332.006436,2333.013712,1167.010494,778.3427546,2330.99916,1164.995942,2354.996205
654,AEOG-HZAEOAA,1508.672969,1509.680245,755.3437606,503.8982658,1507.665693,753.3292086,1531.662739
655,AEOAG-HZAEOAA,1579.710083,1580.717359,790.8623173,527.5773035,1578.702807,788.8477653,1602.699852
656,AEOAAG-HZAEOAA,1650.747196,1651.754472,826.3808739,551.2563413,1649.73992,824.3663219,1673.736965
657,JAEOG-HZAEOAA,1783.773472,1784.780748,892.8940118,595.5984332,1782.766196,890.8794598,1806.763241
658,UAEOG-HZAEOAA,1765.762907,1766.770183,883.8887293,589.5949115,1764.755631,881.8741773,1788.752676
659,XAEOG-HZAEOAA,1986.852844,1987.86012,994.4336979,663.2915573,1985.845568,992.4191459,2009.842613
660,ZAEOG-HZAEOAA,1968.842279,1969.849555,985.4284154,657.2880356,1967.835003,983.4138634,1991.832048
661,JAEOAG-HZAEOAA,1854.810585,1855.817861,928.4125685,619.277471,1853.803309,926.3980164,1877.800354
662,UAEOAG-HZAEOAA,1836.80002,1837.807296,919.407286,613.2739493,1835.792744,917.3927339,1859.789789
663,XAEOAG-HZAEOAA,2057.889957,2058.897233,1029.952255,686.9705951,2056.882681,1027.937703,2080.879726
664,ZAEOAG-HZAEOAA,2039.879392,2040.886668,1020.946972,680.9670734,2038.872116,1018.93242,2062.869161
665,JAEOAAG-HZAEOAA,1925.847698,1926.854974,963.9311251,642.9565087,1924.840422,961.9165731,1948.837467
666,UAEOAAG-HZAEOAA,1907.837133,1908.844409,954.9258426,636.9529871,1906.829857,952.9112906,1930.826902
667,XAEOAAG-HZAEOAA,2128.927071,2129.934347,1065.470811,710.6496328,2127.919795,1063.456259,2151.91684
668,ZAEOAAG-HZAEOAA,2110.916506,2111.923781,1056.465529,704.6461112,2109.90923,1054.450977,2133.906275
669,HXAEOG-HZAEOAA,2189.932209,2190.939485,1095.973381,730.9846791,2188.924933,1093.958829,2212.921978
670,HZAEOG-HZAEOAA,2171.921644,2172.92892,1086.968098,724.9811574,2170.914368,1084.953546,2194.911413
671,HXAEOAG-HZAEOAA,2260.969322,2261.976598,1131.491937,754.6637168,2259.962047,1129.477385,2283.959092
672,HZAEOAG-HZAEOAA,2242.958758,2243.966034,1122.486655,748.6601952,2241.951482,1120.472103,2265.948527
673,HXAEOAAG-HZAEOAA,2332.006436,2333.013712,1167.010494,778.3427546,2330.99916,1164.995942,2354.996205
674,HZAEOAAG-HZAEOAA,2313.995871,2315.003147,1158.005211,772.3392329,2312.988595,1155.990659,2336.98564
675,AEOG-HXAEOG,1441.630771,1442.638047,721.8226615,481.5508663,1440.623495,719.8081095,1464.62054
676,AEOAAG-HXAEOG,1583.704998,1584.712274,792.8597748,528.9089419,1582.697722,790.8452228,1606.694767
677,UAEOG-HXAEOG,1698.720708,1699.727984,850.3676302,567.2475121,1697.713432,848.3530781,1721.710478
678,ZAEOG-HXAEOG,1901.800081,1902.807357,951.9073163,634.9406362,1900.792805,949.8927643,1924.78985
679,UAEOAG-HXAEOG,1769.757822,1770.765098,885.8861868,590.9265499,1768.750546,883.8716348,1792.747591
680,ZAEOAG-HXAEOG,1972.837194,1973.84447,987.425873,658.619674,1971.829918,985.4113209,1995.826963
681,UAEOAAG-HXAEOG,1840.794935,1841.802211,921.4047435,614.6055876,1839.787659,919.3901915,1863.784704
682,ZAEOAAG-HXAEOG,2043.874307,2044.881583,1022.94443,682.2987117,2042.867031,1020.929878,2066.864076
683,HXAEOG-HXAEOG,2122.890011,2123.897287,1062.452281,708.6372796,2121.882735,1060.437729,2145.87978
684,HXAEOAG-HXAEOG,2193.927124,2194.9344,1097.970838,732.3163174,2192.919848,1095.956286,2216.916893
685,HXAEOAAG-HXAEOG,2264.964238,2265.971514,1133.489395,755.9953552,2263.956962,1131.474843,2287.954007
686,AEOG-HZAEOG,1423.620206,1424.627482,712.817379,475.5473447,1422.61293,710.802827,1446.609975
687,AEOAG-HZAEOG,1494.657319,1495.664595,748.3359357,499.2263824,1493.650043,746.3213836,1517.647089
688,JAEOG-HZAEOG,1698.720708,1699.727984,850.3676302,567.2475121,1697.713432,848.3530781,1721.710478
689,XAEOG-HZAEOG,1901.800081,1902.807357,951.9073163,634.9406362,1900.792805,949.8927643,1924.78985
690,JAEOAG-HZAEOG,1769.757822,1770.765098,885.8861868,590.9265499,1768.750546,883.8716348,1792.747591
691,XAEOAG-HZAEOG,1972.837194,1973.84447,987.425873,658.619674,1971.829918,985.4113209,1995.826963
692,JAEOAAG-HZAEOG,1840.794935,1841.802211,921.4047435,614.6055876,1839.787659,919.3901915,1863.784704
693,XAEOAAG-HZAEOG,2043.874307,2044.881583,1022.94443,682.2987117,2042.867031,1020.929878,2066.864076
694,HXAEOG-HZAEOG,2104.879446,2105.886722,1053.446999,702.633758,2103.87217,1051.432447,2127.869215
695,HZAEOG-HZAEOG,2086.868881,2087.876157,1044.441716,696.6302363,2085.861605,1042.427164,2109.85865
696,HZAEOAG-HZAEOG,2157.905994,2158.91327,1079.960273,720.3092741,2156.898718,1077.945721,2180.895763
697,HZAEOAAG-HZAEOG,2228.943108,2229.950384,1115.47883,743.9883118,2227.935832,1113.464278,2251.932877
698,AEOG-HXAEOAG,1512.667884,1513.67516,757.3412181,505.2299041,1511.660608,755.3266661,1535.657654
699,AEOAAG-HXAEOAG,1654.742111,1655.749387,828.3783314,552.5879796,1653.734835,826.3637794,1677.73188
700,UAEOG-HXAEOAG,1769.757822,1770.765098,885.8861868,590.9265499,1768.750546,883.8716348,1792.747591
701,ZAEOG-HXAEOAG,1972.837194,1973.84447,987.425873,658.619674,1971.829918,985.4113209,1995.826963
702,UAEOAG-HXAEOAG,1840.794935,1841.802211,921.4047435,614.6055876,1839.787659,919.3901915,1863.784704
703,ZAEOAG-HXAEOAG,2043.874307,2044.881583,1022.94443,682.2987117,2042.867031,1020.929878,2066.864076
704,UAEOAAG-HXAEOAG,1911.832048,1912.839324,956.9233001,638.2846254,1910.824772,954.9087481,1934.821817
705,ZAEOAAG-HXAEOAG,2114.911421,2115.918697,1058.462986,705.9777495,2113.904145,1056.448434,2137.90119
706,HZAEOG-HXAEOAG,2175.916559,2176.923835,1088.965556,726.3127957,2174.909283,1086.951004,2198.906328
707,HXAEOAG-HXAEOAG,2264.964238,2265.971514,1133.489395,755.9953552,2263.956962,1131.474843,2287.954007
708,HXAEOAAG-HXAEOAG,2336.001351,2337.008627,1169.007951,779.6743929,2334.994075,1166.993399,2358.99112
709,AEOG-HZAEOAG,1494.657319,1495.664595,748.3359356,499.2263824,1493.650043,746.3213836,1517.647089
710,AEOAG-HZAEOAG,1565.694433,1566.701709,783.8544923,522.9054202,1564.687157,781.8399403,1588.684202
711,JAEOG-HZAEOAG,1769.757822,1770.765098,885.8861868,590.9265499,1768.750546,883.8716348,1792.747591
712,XAEOG-HZAEOAG,1972.837194,1973.84447,987.425873,658.619674,1971.829918,985.4113209,1995.826963
713,JAEOAG-HZAEOAG,1840.794935,1841.802211,921.4047434,614.6055876,1839.787659,919.3901914,1863.784704
714,XAEOAG-HZAEOAG,2043.874307,2044.881583,1022.94443,682.2987117,2042.867031,1020.929878,2066.864076
715,JAEOAAG-HZAEOAG,1911.832048,1912.839324,956.9233001,638.2846254,1910.824772,954.9087481,1934.821817
716,XAEOAAG-HZAEOAG,2114.911421,2115.918697,1058.462986,705.9777495,2113.904145,1056.448434,2137.90119
717,HXAEOG-HZAEOAG,2175.916559,2176.923835,1088.965556,726.3127957,2174.909283,1086.951004,2198.906328
718,HXAEOAG-HZAEOAG,2246.953673,2247.960948,1124.484112,749.9918335,2245.946397,1122.46956,2269.943442
719,HZAEOAG-HZAEOAG,2228.943108,2229.950384,1115.47883,743.9883118,2227.935832,1113.464278,2251.932877
720,HZAEOAAG-HZAEOAG,2299.980221,2300.987497,1150.997386,767.6673496,2298.972945,1148.982834,2322.96999
721,AEOG-HXAEOAAG,1583.704998,1584.712274,792.8597748,528.9089419,1582.697722,790.8452228,1606.694767
722,AEOAAG-HXAEOAAG,1725.779224,1726.7865,863.8968881,576.2670174,1724.771948,861.8823361,1748.768993
723,UAEOG-HXAEOAAG,1840.794935,1841.802211,921.4047434,614.6055876,1839.787659,919.3901914,1863.784704
724,ZAEOG-HXAEOAAG,2043.874307,2044.881583,1022.94443,682.2987117,2042.867031,1020.929878,2066.864076
725,UAEOAG-HXAEOAAG,1911.832048,1912.839324,956.9233001,638.2846254,1910.824772,954.9087481,1934.821817
726,ZAEOAG-HXAEOAAG,2114.91142,2115.918696,1058.462986,705.9777495,2113.904145,1056.448434,2137.90119
727,UAEOAAG-HXAEOAAG,1982.869161,1983.876437,992.4418567,661.9636632,1981.861885,990.4273047,2005.858931
728,ZAEOAAG-HXAEOAAG,2185.948534,2186.95581,1093.981543,729.6567873,2184.941258,1091.966991,2208.938303
729,HZAEOG-HXAEOAAG,2246.953673,2247.960948,1124.484112,749.9918335,2245.946397,1122.46956,2269.943442
730,HZAEOAG-HXAEOAAG,2317.990786,2318.998062,1160.002669,773.6708713,2316.98351,1157.988117,2340.980555
731,HXAEOAAG-HXAEOAAG,2407.038464,2408.04574,1204.526508,803.3534307,2406.031188,1202.511956,2430.028233
732,AEOG-HZAEOAAG,1565.694433,1566.701709,783.8544923,522.9054202,1564.687157,781.8399403,1588.684202
733,AEOAG-HZAEOAAG,1636.731546,1637.738822,819.373049,546.584458,1635.72427,817.3584969,1659.721315
734,JAEOG-HZAEOAAG,1840.794935,1841.802211,921.4047434,614.6055876,1839.787659,919.3901914,1863.784704
735,XAEOG-HZAEOAAG,2043.874307,2044.881583,1022.94443,682.2987117,2042.867031,1020.929878,2066.864076
736,JAEOAG-HZAEOAAG,1911.832048,1912.839324,956.9233001,638.2846254,1910.824772,954.9087481,1934.821817
737,XAEOAG-HZAEOAAG,2114.91142,2115.918696,1058.462986,705.9777495,2113.904145,1056.448434,2137.90119
738,JAEOAAG-HZAEOAAG,1982.869161,1983.876437,992.4418567,661.9636632,1981.861885,990.4273047,2005.858931
739,XAEOAAG-HZAEOAAG,2185.948534,2186.95581,1093.981543,729.6567873,2184.941258,1091.966991,2208.938303
740,HXAEOG-HZAEOAAG,2246.953673,2247.960948,1124.484112,749.9918335,2245.946397,1122.46956,2269.943442
741,HXAEOAG-HZAEOAAG,2317.990786,2318.998062,1160.002669,773.6708713,2316.98351,1157.988117,2340.980555
742,HXAEOAAG-HZAEOAAG,2389.027899,2390.035175,1195.521226,797.349909,2388.020623,1193.506674,2412.017668
743,HZAEOAAG-HZAEOAAG,2371.017334,2372.02461,1186.515943,791.3463874,2370.010058,1184.501391,2394.007103
744,A,89.047678,90.054954,45.531115,30.68983533,88.040402,43.516563,112.0374473
745,E,147.053158,148.060434,74.533855,50.02499533,146.045882,72.519303,170.0429273
746,Q,146.069142,147.076418,74.041847,49.69699,145.061866,72.027295,169.0589113
747,K,146.105528,147.112804,74.06004,49.70911867,145.098252,72.045488,169.0952973
748,O,132.089878,133.097154,67.052215,45.03723533,131.082602,65.037663,155.0796473
749,B,190.095357,191.102633,96.0549545,64.372395,189.088081,94.0404025,213.0851263
750,J,293.111067,294.118343,147.5628095,98.710965,292.103791,145.5482575,316.1008363
751,U,275.100502,276.107778,138.557527,92.70744333,274.093226,136.542975,298.0902713
752,X,496.1904393,497.1977153,249.1024956,166.4040891,495.1831633,247.0879437,519.1802086
753,Z,478.1798743,479.1871503,240.0972132,160.4005674,477.1725983,238.0826612,501.1696436
754,H,221.08993,222.097206,111.552241,74.70391933,220.082654,109.537689,244.0796993
755,G,75.032028,76.039304,38.52329,26.017952,74.024752,36.508738,98.02179728